x1,x2,x3,x4,x5,x6,x7,x8,x9,x10,x11,x12,x13,x14,x15,x16,x17,x18,x19,x20,x21,x22,x23,x24,x25,x26,x27,x28,x29,x30,x31,x32,x33,x34,x35,x36,x37,x38,x39,x40,x41,x42,x43,x44,x45,x46,x47,x48,x49,x50,x51,x52,x53,x54,x55,x56,x57,x58,x59,x60,x61,x62,x63,x64,x65,x66,x67,x68,x69,x70,x71,x72,x73,x74,x75,x76,x77,x78,x79,x80,x81,x82,x83,x84,x85,x86,x87,x88,x89,x90,x91,x92,x93,x94,x95,x96,x97,x98,x99,x100,electricity_consumption_kwh
-0.55249783,-0.40639291,0.64801346,0.45274766,-0.15162580,-1.33121301,-0.33093460,-0.17908338,0.11264952,0.60351818,0.60071337,0.53235825,0.32089277,0.17430906,0.16537063,0.60258610,0.40734588,0.34503225,0.12693014,0.62117206,-1.17904981,0.41371798,0.87169905,-0.21152311,0.64752066,0.06915178,0.27916216,-0.21934713,0.40026483,-0.91081294,-0.97583314,-0.78731930,0.24939617,-0.68378719,0.15129545,1.29705509,-1.21513455,0.78566263,-0.93536526,0.81842313,2.48965515,-0.44823842,-1.29538135,-0.93129896,0.66274810,0.37604090,0.59434074,2.78936033,1.58023285,-0.21503865,1.13281908,1.41522604,-0.09004944,3.03125640,1.63448805,0.53546161,2.28436536,0.61707176,0.34474977,0.94694449,6.98636830,4.07315473,1.71765211,5.96378058,5.96280806,2.11520083,4.56736839,-0.14324866,2.40675025,0.96772012,3.00315207,8.32264977,4.50360245,7.94092839,-5.39801346,4.20989364,7.23296866,10.30973417,0.35470896,-4.25314187,5.06948149,-15.04981224,6.26837937,-2.28211639,18.45182104,8.21043778,8.74941392,12.32963366,7.01291512,6.95282309,5.28512117,-4.23791605,7.48207434,8.04084080,12.24233172,1.51280032,17.04621677,16.52858966,9.01233050,9.57557328,2342.28688175
-0.46258504,0.36722885,-1.08295281,-0.49563037,-0.16203912,-0.26341182,-0.63930984,-0.75434284,0.10631550,-0.22779756,0.07970017,0.29171186,0.75055260,-0.08214649,-0.22552293,-0.26168285,-0.29397288,-0.14910463,0.82289067,-0.12214894,-1.35676527,-0.14995596,-0.76324481,-0.29602247,-0.36228867,-0.08601053,-0.21839759,-0.22774616,-1.11495229,-0.33134118,0.89292370,0.62815162,-0.69210777,0.45440204,-0.75809352,-1.11089013,-0.52416761,-0.97058409,-1.53155531,-0.63244428,0.24982893,-2.28974459,-1.31720552,-1.51439305,-0.96440680,-1.85987559,-2.25743174,0.53468654,-2.01786859,-1.22195933,-1.52558726,-1.40334982,-1.54191724,-0.17198092,-1.34391360,-2.97647606,-1.52371186,-1.70458847,0.10286079,-5.19227878,-7.05911999,-6.75746747,-2.42901460,-7.34758242,-6.05439199,-9.67851743,-7.19361943,-10.22242300,-10.86411773,-6.11065001,-1.59710073,-3.59820778,-9.60729424,-16.09805565,-10.51015892,-4.57853042,-7.82679856,-6.08260015,-8.58761945,-1.17342623,5.31508338,17.30138440,-7.79583651,3.64044268,-7.00919321,20.52729040,-8.34193225,-10.43661376,2.87604819,15.46413793,-1.52425092,9.56462275,7.79291017,-5.57878224,19.35955591,-3.84119476,16.94104909,10.22685324,7.75162021,13.80511109,1999.16789940
-0.03053816,0.27328354,-0.21075146,-0.20637832,-0.53908264,0.22390927,-0.79165420,-0.90262686,-0.59544697,-0.28769222,-0.54836746,-0.80794620,0.06361126,0.13069632,-1.82860751,-0.84396366,0.04925366,0.01070705,-0.19623095,-0.33299137,0.50521958,-0.24854278,-0.56830060,0.38272340,-0.74974885,-1.20908489,-0.71069930,-0.19149241,-0.34048805,-0.76589565,0.74428596,-0.75670753,-0.98073064,-1.84303305,0.21639982,-0.44814804,-0.74749180,-1.49133654,-0.05433417,-1.90431006,1.53029665,2.58611836,2.28195117,4.12183029,2.13321309,-0.66154130,2.20300382,2.14785179,2.09843744,0.56490188,2.75866358,0.56954398,2.78868982,3.11630318,1.03259131,2.60568944,3.46044958,1.09910671,0.25861993,2.97898050,-7.76170399,0.74502513,5.01255071,-2.70053104,1.67419754,0.33425123,-3.10017897,-3.18048190,-5.47633853,-0.68267039,-4.77655891,-1.20263357,2.83127233,5.18653137,-4.10553366,-4.73135899,-5.51133449,-6.27317546,-3.86539920,-1.38365540,-11.51854584,-0.06019223,-4.47037416,-1.25501004,-10.95879533,-4.72314542,-7.88041946,-16.20968687,12.08300579,-23.21677213,-10.46701785,-8.75136149,0.56932833,-6.56648692,9.31634155,-11.77671410,-17.33386599,-6.82926509,-6.36647899,2.80244771,1862.63596449
0.23535310,-0.39204526,-0.08087005,0.77358203,0.99765929,0.88783793,0.44757157,0.48950362,0.14727492,-0.44044050,-0.45998171,-0.07148462,0.38982776,0.19785364,1.33265731,-0.54510771,-0.16730025,0.49308978,0.27323044,0.11708551,1.67442155,1.21427928,1.55272573,2.02904704,0.33334082,0.46479712,0.60776547,1.32756143,0.68450719,2.24608402,0.39178141,1.39265114,0.33300150,0.52668764,0.40648318,0.77774042,0.90400958,1.07999609,1.59399683,2.12531196,-3.62481176,-2.13567823,-5.10957995,-3.13544389,-1.87172916,-3.24785680,-3.08691465,-3.01189301,-3.76301031,-4.30937279,-4.70569003,-2.64805616,-1.77134999,-3.57878327,-1.80372867,-5.11194173,-0.27278028,-3.04145640,-2.64105420,-2.02809816,-4.93294399,-6.15743633,-2.94271656,-9.51473537,1.33922044,1.72606764,-4.01018771,-7.40547856,-4.34446964,-4.19949501,-3.90261013,-7.84862396,-6.50794977,-0.18711374,-7.06542728,-2.77586749,-1.39685403,-6.93313335,-5.18010678,-6.49775979,6.15482531,11.66595985,-19.72525485,-1.67445855,-2.07924335,-0.33297143,-2.17767902,-4.63041842,-5.69861123,-3.60118160,-4.72476599,3.94008259,-12.70755644,-3.98128860,-2.63138439,-13.38981479,-9.01378509,1.67742624,-0.60631238,6.14278656,1636.08093777
-0.31743699,0.59530011,-0.04362830,0.36297075,-0.39878083,0.45954624,-0.14971536,0.41965011,0.64061105,0.36122794,-0.11970558,-0.40542857,0.17307616,0.41503896,0.13136598,0.76025509,-0.06033839,-0.33593995,0.30664304,0.40162281,-1.19439265,0.25984819,-0.10365358,-0.71065350,-0.84994187,-2.09450452,-0.84126619,-1.19642766,1.34292875,-0.36416626,-0.38133489,-0.27165668,-0.13329993,-1.12528946,-0.63501546,-1.29907253,-2.99986751,-0.48403705,0.06366334,0.08454068,1.62462004,3.05582934,0.37813009,1.00297451,1.48295604,0.24794395,1.30041786,1.52428230,1.83574672,0.26652160,0.76117716,1.76317174,1.35404283,0.74851513,1.01771148,0.96518592,2.36184774,2.47551771,1.14459668,1.18789784,-4.27963928,2.13381079,0.18422576,-0.89779058,5.78735663,-5.57074578,-1.06999184,-1.85827630,3.31287347,3.79348897,2.48037818,-2.51708348,-1.79996546,3.47293271,-2.17072586,-1.46242776,2.25694803,2.79718086,-5.67941811,-2.97187987,7.39438308,15.58352734,8.90106762,-16.91399026,12.56553327,-6.86819024,-3.92965952,-2.14721530,-11.30342906,-2.00759355,-3.18147402,7.59050534,5.52957190,7.47276143,8.09343618,4.04996270,5.81544900,13.31226954,-14.63423155,-3.14049094,1912.44663810
-0.40416205,0.39967003,0.71744742,-0.45357537,-0.19942718,0.15951829,-0.00084712,-0.49604420,-0.06349306,-0.91435506,0.06321798,-0.80866078,-0.50845157,0.42343609,-0.92735254,0.14939658,-0.86913737,0.25561412,0.06963241,-0.43187702,2.29551430,0.93652537,0.29106321,1.11054198,0.59373503,0.03659420,1.82144076,-0.31674908,0.62337678,0.21527741,0.77606207,0.51954982,1.39470140,0.34201495,0.80642589,2.03166211,0.60094084,0.52491093,1.32404170,1.49438468,-0.71879244,-2.26223646,1.01433542,-0.83584982,-0.30566289,-1.02058438,-0.94310823,2.36133562,0.48831691,1.37135220,-0.74555467,-1.94892002,-0.59891102,-1.89232887,0.13908078,0.43109673,0.62549844,1.36179345,-0.13133881,-0.81100472,6.87700046,-2.28840261,-2.70611416,1.18686574,-9.15337684,0.14517114,1.12804370,1.85886774,0.64856447,5.38733518,-3.11094575,-1.78162179,4.54627845,-4.37101174,-2.33055073,0.73781372,-2.24078794,-8.73952128,-3.44521071,-4.23261994,-7.70786753,11.08709818,-17.09042450,-2.64876576,-12.64758686,5.90772564,-11.92640760,-13.40798328,-12.92960262,-10.07587801,-9.96067150,-11.68960039,-9.31296505,-13.65680890,-14.25293455,-8.29318063,-18.48095340,-16.34201458,-12.66753009,-1.33216493,2448.62256906
-0.65334786,-0.29043069,-0.26270948,-0.53156407,-0.33913560,-0.34281138,0.80203685,-0.65678416,-0.17007523,0.49841694,0.21010738,-0.25418139,-0.43170257,-0.66781125,0.98370226,0.12459313,0.31568729,-0.55866712,-0.15274004,-0.47171257,-0.97493937,0.96129616,0.21628255,0.02579798,-1.90545515,-3.02584399,-0.78286178,-0.63956631,-1.36787470,-2.98003948,-1.00289594,-2.25730229,-1.25182334,-1.38381619,-1.64569659,-0.83434198,-1.93868995,-1.95540999,-0.57887380,-1.49932728,-0.37414678,0.59807335,-0.27030066,0.13046884,1.33121186,1.22805169,-1.83343349,-1.41978923,-1.18207614,-1.14286126,0.25020820,-0.24162926,0.00491556,-0.65300899,-1.63062672,-0.90575392,0.43637080,-2.76212634,0.11260367,0.87117766,7.39183176,-0.97052299,1.30158199,8.64320660,5.31521041,5.22364736,4.59121911,5.36815152,8.98640535,0.46777713,2.49638305,1.94188343,7.59337632,8.08128891,5.55822592,0.72621747,15.09578550,5.10646692,6.89684997,-2.20440127,-4.73128576,-8.59896068,-1.74593064,-0.71571327,-2.41409412,-14.75903566,9.69923059,7.70468245,2.43640173,-8.73984954,-9.44027584,9.76606863,1.37799988,-2.52455306,11.14171031,-0.14723520,1.30634774,-14.45186581,11.37563826,-0.07002398,1681.32864623
-0.12852135,-0.35490924,-0.49051075,-1.44668432,0.14467746,0.80246108,-0.26972844,-0.10990724,-0.76418965,-0.19053725,0.27360621,0.01168580,-0.07899413,0.12627973,-0.21928090,0.18862648,-0.90915780,-0.17399343,-0.66635256,-0.01619404,0.36208105,1.85011467,-0.23115241,-0.51419686,0.22495471,-0.12391308,1.15988144,-0.24658476,-0.18939892,1.10977394,0.74692181,-0.34439804,-0.41678867,0.57144447,-0.57663858,1.27102899,1.19953363,0.97389972,-0.64493165,0.60020081,-3.19330311,-0.67585842,1.39043309,-0.80847631,-1.78485829,0.16839273,-0.42259316,0.00504514,-1.22554980,-1.27988977,-1.94773249,-1.39523428,-0.81667891,0.39978730,-1.52433081,-2.65332839,-2.38925587,-1.04807662,-1.00422990,-0.88683644,5.63830059,2.12937760,-0.38805641,2.06606487,7.59209990,3.92106558,0.49059110,1.40720265,2.15835434,6.82338946,6.20405870,0.76130291,-2.86831233,5.37537443,2.98488688,-0.87286997,2.29831799,1.14587106,0.25759253,-5.19183309,5.40706010,-13.83409838,2.25481494,16.07381331,11.77856269,-2.92711020,-5.23624602,-16.59935543,16.49627398,1.26186456,-19.68055971,-10.69173156,-8.33541376,1.85249910,-8.36319560,-27.06670216,-3.33702434,12.16595374,-2.26273429,16.92164697,2300.56264802
-0.43321548,0.25528638,-0.24454668,0.25674405,0.09502603,-0.41087898,-0.13745482,0.01298270,0.12348283,0.27699392,-0.42115304,-0.08921287,0.69798004,0.25962189,0.04276669,0.30979062,0.67320991,0.19526807,-0.51832945,0.09660419,1.45750144,-1.20756878,-0.17811113,1.50540551,0.23324091,0.67375033,1.65650507,0.13005325,1.41011528,0.05069988,-0.11718355,1.20200219,1.31728131,-0.74733217,1.99560631,-0.36477361,1.11989679,-0.31715687,1.55322477,1.56841133,-0.51880474,-0.33348792,-0.03797100,-1.90320248,0.29229023,-0.20891703,-1.58520051,-0.11950870,1.19568354,0.04942702,-1.59819197,-1.79616823,-0.87408607,-0.74881667,0.22807491,2.98417740,-0.13319522,-2.50152730,1.00244410,-1.49380276,0.37496904,-6.04678484,1.57842855,-0.42509978,2.64817378,-4.58571736,3.87173701,0.49604147,-4.50092882,0.58631295,4.57118859,-0.91270774,-2.97481827,-1.25942910,0.21798129,-2.89540915,3.28166537,1.38929033,-2.31081485,-7.92423036,-2.51834735,-2.54251653,-2.82908588,4.12817156,-6.12095005,-13.12542730,-2.91931442,-6.91957911,-2.95421647,-9.64412744,6.34759599,10.38025761,19.14605227,9.45309640,6.49751118,2.01113456,-3.71410100,9.77013048,-2.57993570,20.48904256,1846.66272773
-0.43246683,-0.87356702,0.88659270,-0.37973129,0.16442986,0.71126631,0.18753842,-0.37397233,-0.18716731,-0.45641512,-0.19403476,-0.16878003,0.24009560,0.22355392,-0.06722061,0.20267463,-0.12861435,-0.69793003,1.24909884,-0.28403732,0.11358905,-0.24401288,0.24943666,-1.42922845,0.66407955,-0.25073913,0.38330395,0.17463061,-0.48792144,0.69028691,0.03633962,1.32732797,-0.14514126,-0.69829752,-1.33579892,0.29139886,0.74121410,-1.92851642,0.01754614,0.75390527,-0.94218075,-1.07491582,-1.46358943,-0.66617238,-2.79571889,-2.23974336,-0.26705236,-2.25012339,-3.39819697,3.02477900,-3.11876147,-3.26515824,-3.18793615,-0.78671414,-1.75234819,-1.13790863,-2.03611303,-1.50399193,-1.28543491,-1.40722999,-6.04290966,-1.20557276,0.06102924,-8.48231811,3.64451760,2.12079172,0.11452730,-2.74662033,1.21296949,1.15450494,-6.44705636,-2.59618618,-3.62303277,-0.99147386,4.79408029,1.03063101,4.50180593,0.05846011,-5.76257346,-2.79095671,11.21430579,-0.22776504,-12.71301650,8.89061409,18.71277282,-0.90898799,15.08707366,-13.06874330,11.02115468,10.11411466,10.27591691,20.64200002,15.59059386,8.61479742,14.59490683,-17.57732688,-1.03920928,22.77047753,3.30649745,0.16899147,2370.15777757
0.20168750,-0.97568336,-0.24339169,0.62272074,0.43943738,-0.82334029,0.53314311,0.69945468,-0.25025232,0.62406731,0.72404527,-0.23368195,-0.20867555,1.01638277,-0.39010948,0.10858512,0.03062600,-0.22090940,-0.31205914,0.89234093,1.45259543,2.94766916,1.62307742,1.87565206,1.52233703,2.50096905,0.61840673,3.07302518,3.48487989,1.10615359,-0.30346565,1.38051320,0.35531425,0.31715599,1.53688811,1.18405899,1.53205278,2.17202532,0.52092396,-0.15633699,-1.33662821,-0.65578609,-0.41220697,0.87113385,1.79993429,0.28803297,-0.54564585,0.21353068,2.39803402,-1.96587325,-0.92707318,1.07013548,1.51984674,-1.62637611,1.10590387,1.82093473,-2.49157004,1.29046143,2.63283137,0.35030392,0.88345363,-7.02360847,-2.21881976,-1.40880724,-8.54964310,-1.74929074,-0.29446522,-6.14260169,-1.67819341,-0.14212674,-1.44078370,-1.58063387,-9.19560143,-0.08608093,-1.15193937,-2.65814409,-1.81343148,-9.88910389,-4.82568046,-1.03682332,15.25875394,19.61332536,9.19313237,25.31121160,7.40642601,11.34170794,4.91636967,10.09385414,-13.32631292,-1.65540926,-1.44562955,-4.07664276,3.07530883,15.11042376,4.30369095,2.67580902,15.78487226,-0.16181767,19.31265550,9.87199630,1415.36102225
0.10365082,0.53517081,0.00589166,-0.31509327,-0.04598191,-0.66169068,-0.90351513,0.29650633,-0.21849228,-0.27220707,-0.20001868,0.09596461,-0.20221999,-0.06920787,0.40519742,1.15976713,0.36165993,-0.29926696,-0.88586284,-0.15647774,0.16332338,-2.61304651,1.19109548,0.03844392,0.15782986,-0.20966899,0.40849223,0.08739190,-1.18951817,-0.62767535,-0.41813187,0.33489814,-0.90452065,-0.09993727,-0.73806135,0.07466097,0.50481783,1.06656600,0.17103248,-2.04325250,-1.48129272,-3.24798859,0.15406280,0.08023897,-3.31174104,-1.26524660,-1.90562850,-1.27484699,-0.45231522,-1.24233471,-0.16095023,-0.10087560,-2.88057304,-0.15312472,-0.45517718,-0.02625510,-1.46031829,-0.42099998,-0.78171573,-0.85150861,-4.03769386,6.38181665,-2.57149896,3.75795682,-2.42796284,-2.47165594,-7.48887552,-9.92068996,-1.16240101,-1.54276538,-5.54238287,-1.51006248,4.58437156,-5.61790028,-5.02467471,0.62521227,2.83974558,-4.44081081,-2.50986785,-3.26483873,-19.62202103,-4.30209797,11.38769874,-1.21705361,-12.66123605,12.20607988,-16.63283453,8.01862978,-16.77438141,-2.23520509,11.66447053,-7.67537630,0.97992959,-3.25576578,-0.06010737,3.59921633,-12.06160941,-14.26524213,-6.72489342,-11.52074675,1834.71168163
0.19525415,-0.06842979,-0.33198080,0.20752789,-0.32065742,-0.47132000,-0.09390675,0.67159873,-0.47012472,-0.38192124,0.66932268,1.07025827,-0.01370745,-0.30592905,0.26621899,0.07194757,-0.39210803,0.30508220,0.77134624,0.30395168,0.33040935,0.51904232,0.45954381,-0.72293360,-0.05225974,-1.01704796,0.04116433,-0.33862630,-0.60640322,-0.56728977,-0.13963267,-2.06081303,-0.18667745,-0.86329525,1.57783567,-1.42248801,-0.27096518,-0.62776263,0.62959157,1.19342141,2.83114455,4.15009555,4.04284287,6.17134329,5.04141989,5.52289407,2.95536306,2.31870025,1.85754931,3.38402498,3.91416395,4.67657300,5.05997653,0.77722874,4.15458241,3.98647516,3.37392576,2.57126262,4.15017327,5.16105896,6.69212661,1.91662947,0.11825367,3.13524097,2.31595925,5.67884081,6.08669079,-2.39227424,0.02816863,1.96457109,0.72220319,-0.06643462,-1.21664331,-1.58344829,-0.62658616,-2.85530013,-2.05745171,0.36602912,4.93762999,-1.25219263,-1.64603966,14.96807938,10.38864970,-1.64623791,-4.22522189,5.64046185,1.05446453,-5.25085527,9.03477335,-9.57218711,0.05689816,8.29784705,4.87453261,13.07866370,-4.18346308,-7.40713337,5.27851643,5.04500126,-10.75292766,-9.52545330,2022.18485640
0.10224254,-0.34167150,0.12690477,0.00301824,-0.23689610,-0.35194952,0.22369941,-0.40462088,0.19161382,0.04514334,-0.26771409,-0.75640019,1.22778170,0.10001462,-0.16321445,0.80320232,-0.82290459,-0.60818530,-0.08889506,0.25812252,0.37537300,-1.26082627,-0.33538950,0.18824929,0.22347305,-0.86546876,-0.75229586,0.28085551,0.12719212,-0.65320999,-0.49582677,-0.70662003,-1.19329641,1.22480367,-0.69548231,-0.42675106,-0.18098887,-0.89443904,-0.75242539,-0.22620680,-4.06101043,-5.73011542,-5.09463183,-5.05222394,-3.75813782,-4.93556504,-3.74713799,-4.03511792,-2.34911470,-4.52493557,-3.58795998,-4.02201024,-2.66896344,-2.10647310,-4.00742932,-3.12732100,-6.48921980,-4.85483445,-5.01947600,-4.12053583,4.10263301,3.20999695,-5.01883216,4.68871244,-3.65205525,-4.20526801,-0.50183881,1.36730379,-2.15863390,3.78220175,2.72467736,-0.41831566,-4.29345418,4.41492645,-2.91515597,-0.80876604,5.11315296,-2.10118511,4.31990546,-0.65538950,-2.63151682,-15.22086154,-2.78878536,4.20814691,-17.42686121,-10.97437313,-5.44671077,-5.26653760,14.24538849,2.12694842,-8.96956481,-20.42687306,15.32359625,2.09997930,-2.84565979,5.66607023,-9.94282442,10.20915843,4.74847546,-6.23540284,1741.15457276
0.14496480,0.59133318,-0.37600237,0.65025660,0.37070597,0.09894996,-0.26924752,0.33025117,0.68408606,-0.59315349,-0.42626019,-0.25882523,1.22085016,-0.44236100,0.96554427,0.60883968,0.55628837,0.05681358,0.56551312,-0.82881845,0.52120540,-0.36512541,-0.51421106,-0.73241959,1.07480196,0.27236154,0.09694182,-0.10529090,0.42549500,-0.46667009,1.62270427,0.65536545,-2.10611018,-0.02617621,0.02675117,0.36262581,1.11668020,-0.63934505,-1.03755674,1.02964824,-3.57072602,-1.30658966,-2.24952567,-3.35865422,-3.11322737,-3.32742477,-1.14498544,-3.19892510,-1.21415230,-2.58440596,-1.31658171,-1.37259680,-2.13090842,1.12131002,-3.25638461,-5.09711274,-2.15155948,-1.43107232,-2.49688973,-0.71698417,-1.26552299,6.63086935,-1.84913733,-1.53701488,3.00600044,-0.96809023,-1.16530083,3.60604674,2.87916661,-4.11628678,-0.26034317,1.11203930,3.24142907,3.92735228,3.19725736,3.82284668,4.63844362,7.42416886,8.43904488,-2.64108738,-8.16270185,-14.46473888,9.73709372,-3.18720699,-21.33266115,-1.70003971,-12.72072055,-22.56415587,-26.17708837,-11.12140520,-6.05649956,-7.32608174,-4.89190726,-12.51081014,-16.56291273,-14.95135031,-0.64710808,-14.88354133,-6.12209289,0.79050837,1834.63219178
-0.06390775,-1.16309396,-1.00341813,-0.01248377,-0.07710633,0.22679424,-0.38543464,-0.98697244,-0.49789682,-0.59851688,-0.71000301,-0.76634824,-0.28200600,-0.11005498,-0.08522844,0.23260596,-0.21240721,0.23373157,-0.51478908,-0.33167822,0.29089320,-1.63407794,0.36747650,-0.48546530,-0.94344402,-0.43770214,0.84168566,-0.05346212,-1.63782512,-0.31172552,-0.10318022,0.37421024,-1.81395218,-0.44299232,-1.31833086,0.11449804,0.47897159,0.28118100,1.96455381,-0.09264459,0.31819350,0.50829600,1.99871943,0.97352020,0.38255132,-1.52706405,0.36020546,2.45662457,-0.54460512,0.09394368,2.23377838,1.63817654,2.33432361,0.14235457,0.81398952,1.93431591,0.77390445,1.84532679,0.21041641,1.00614295,-0.38349185,1.80661875,-1.64655137,2.57029891,-1.59457774,4.52230358,1.54514840,-7.87795091,-0.51825284,1.10277601,3.22269742,3.59481555,-0.25370179,0.65159035,6.49063277,0.10275555,1.05817196,-5.01765332,1.63856081,-4.80405088,3.00707031,-15.62849617,-1.08539711,4.62887427,1.83254965,1.36922895,-3.42021620,4.18659157,-1.29439813,9.71790401,-7.40184547,-10.05631195,-7.55522158,1.31939636,1.17182001,-0.01311842,-6.45099641,-2.36402023,-15.17950226,-10.37824749,2109.23504575
0.47944281,0.19585616,0.30638209,0.26006622,-0.00592977,0.10950397,-0.00184304,-0.44609397,0.10324152,1.19516522,0.27848669,0.22548342,-0.28336881,0.12800054,0.71388678,0.01766366,-0.18181890,-0.23343195,-0.82917756,1.06217649,0.85360704,-1.15659865,-0.09786399,-0.61438513,0.83330935,-1.47984310,-0.50029744,0.41485240,0.79592222,0.00351987,0.09344248,1.05264390,0.57950876,0.25757807,-1.01731282,0.24755090,-0.72680529,0.94932118,-0.99505425,-0.27311119,-2.16256927,1.22017490,0.43423096,-0.98648793,-0.15687140,-0.73547663,0.20463026,-0.57761041,-1.28468822,-0.81879968,0.00800740,1.81767536,0.30776435,1.13112546,1.10420426,0.88436918,0.87184181,0.11900999,1.54863489,-0.87934979,-2.32157542,1.92121714,-1.84246240,-1.43690350,-5.63416747,-5.49024804,0.30341211,-7.68405099,2.01620644,0.43209105,-0.82427494,-2.00678812,-7.38170683,-5.59007434,-5.72518395,0.65365087,-3.29302920,0.23369026,-7.89240339,-2.45918366,-4.37697535,-4.29823926,3.71085876,4.68291472,-10.00398793,7.20211710,-9.31094226,-11.59834984,-14.53029657,1.12599998,7.21638727,10.27114567,-2.47990347,1.49374724,-13.88070583,5.81436539,7.12332856,13.11660186,6.45131068,9.50122967,1450.14364080
-0.12822541,0.39012655,0.18896474,-0.03069787,0.51601293,-0.73890844,0.58536907,-0.28904867,0.57605916,-0.03410844,-0.80156197,-0.00961130,0.14579277,0.57741143,0.37034986,-1.02855389,0.02078948,-0.44028506,0.39602098,-0.28218723,-0.16361242,-0.28292815,0.27510794,0.69530179,-0.73656726,0.25331940,-0.25456114,-0.04566776,-0.45835042,0.26114956,-1.18384447,-0.15606275,0.73624896,-1.58836163,-1.24771154,0.61938327,0.59750827,-0.15080797,-0.54719061,0.85741375,-2.98551885,-3.30820295,-0.69656890,-1.41917619,0.14919194,-1.22712243,-0.95518370,-2.93203420,-2.24862340,-1.45546548,-2.40962563,-1.58597416,-1.84422406,-4.10426022,-2.21713050,-3.87888616,-1.95415248,-2.19448780,-2.20112739,-3.26141320,1.70080890,5.59742905,-3.10249103,-2.31894295,-3.10839755,-3.27594459,1.30277810,0.45673481,4.91298959,0.85947648,-0.52114770,1.17467421,-1.83342055,-0.89036465,-3.25245030,0.01483514,0.53051243,0.78453631,4.96867888,-1.17733722,4.72285188,10.14472153,13.93870192,-3.90593459,-11.46993080,13.09079365,6.40391085,-4.30556029,17.14249145,7.75246648,-18.55443129,-1.91404981,6.40571755,-3.70481357,0.75276248,-4.73979087,13.73589370,-1.83870238,4.75667277,-5.04215972,1997.56649783
-0.10674777,-1.21302787,0.51841520,-0.35519491,0.10244536,0.52572877,0.33288143,-0.09102402,0.11373176,0.01939098,-0.06344555,1.05337100,-0.04167757,0.09279624,0.28288515,-0.58370502,-0.39508927,-0.07053159,-0.84799316,0.51134132,-0.11544856,-0.22391092,-0.61992653,0.03233465,0.18123809,0.23765101,-0.05308713,-0.86548414,0.23140565,-1.04401860,0.40395375,-0.07658146,-0.29811201,-1.05798409,1.33425279,-0.43470241,-0.73176314,-1.04709620,-0.93193409,-0.13823645,-1.96723282,-2.05795013,0.78489884,-0.78978758,0.09112285,-0.38992607,-0.13952782,0.08913050,0.16344632,-2.49719917,0.29145839,1.02694865,0.08492799,-2.88538595,-1.63268609,0.05031637,-0.15171412,-1.77460425,-2.63212481,-0.59447664,-2.11559048,0.03487830,3.61209214,1.27784538,-13.78214451,-1.21875569,2.19782140,7.98662734,2.63088149,-8.71112316,-0.81841145,-4.73361439,3.60327846,3.62893775,1.32842487,7.24516405,-2.05081173,1.59484767,-3.77222344,1.80853573,-5.32831707,0.34322549,-1.55648751,9.16117691,-18.53556196,-8.27801932,-18.30568498,-14.37175338,-4.20101114,-22.41007706,-16.64609048,9.52476058,-16.84401279,-14.79581856,-10.63112568,-9.61507771,-12.97018885,-11.84687845,-6.74722714,-4.26327142,1504.34762687
0.55724645,0.38303573,0.26257372,1.09185256,0.05224906,0.06822908,0.42195150,0.61596235,0.82809547,1.10241158,0.46941240,1.53975976,1.51929062,0.26445887,1.27894699,0.74399337,0.68808216,1.25612796,0.77614118,0.78826273,-1.25965871,-1.18935280,-1.94536392,-1.26605259,-0.08503937,-1.55882172,-0.69593390,1.26605083,0.56101978,-1.14683988,-1.90056438,-1.76707900,0.30032767,-1.55201238,-1.02429344,-0.17480972,0.08165021,-0.64097808,-0.12309908,-1.76498574,-3.36755349,-1.55953703,-4.91498776,-1.68845761,-1.53571600,-1.05187753,-2.98266013,-1.79641483,-1.88206847,-3.51635264,-4.16160226,-2.55543849,-2.76514786,-3.51906701,-0.57689634,-3.70771300,-1.90247923,-2.17063559,-2.80761028,-3.61205440,-4.19967518,-0.34332970,-2.67507426,-0.16972031,-1.46647547,-5.57605700,-5.03337007,-9.09104132,0.01268851,-2.15486856,-6.49855077,-4.95130441,-3.23553165,-0.22973814,4.49424069,1.18359729,1.11993123,-6.97722408,3.34590217,-3.22096967,10.92735842,2.89905557,4.99110726,30.54960530,17.02915490,21.84624130,-6.41821339,14.56044099,5.43880322,12.55621511,20.12849499,6.76145223,3.74119033,23.25678690,5.39583258,8.19804676,10.46797539,0.80412311,11.05597992,19.86202457,1345.38089328
-0.97966049,0.38528713,-0.44438524,-0.20869711,0.02817822,0.58156678,-0.99873338,0.58167579,0.31610292,-0.37133733,-0.45158033,0.89690667,-0.54520820,-0.38356424,-0.71961355,-0.44193447,0.93440980,-1.27246282,-0.53722704,-0.05748468,-0.57410855,0.61067645,0.11095225,-0.05765743,1.24665666,-1.48040602,-0.57328390,-0.46263613,1.19510833,-0.10417866,-0.65491786,-0.09175719,-0.25596431,-0.49570856,0.17131571,-0.46556939,-0.89257441,0.97739724,0.28269311,-0.95111682,0.74284887,-0.62230951,-0.67978577,0.06272896,-0.37686724,0.34561917,2.09152624,-0.37129908,0.15713496,0.77191007,-1.26983112,-0.51700178,-0.63345829,0.01437218,1.00620405,0.82802741,-0.73141858,-1.38896880,0.13710343,-1.26047197,4.12568614,-2.91711824,3.72077975,-4.28561171,-8.86951497,-1.68277213,-3.24754625,-1.39958028,-2.81162316,8.58835884,-2.32112610,-2.57282140,3.54678840,-4.97129996,3.16854555,6.37731633,2.12878405,2.30848072,1.71181659,9.28922192,-8.39453276,0.57086542,-11.50690422,-7.20138611,-14.60779493,-6.08035646,-7.32911702,-14.93574503,-11.32788995,-0.11929366,0.84874733,-11.00984289,-36.01077993,-22.90366324,-17.92479601,-6.90362201,-33.02230826,-11.23970341,-21.99980501,-11.69930291,2639.82107533
-0.55354840,0.44186909,-0.26490763,-0.42657793,-0.21761007,-0.36424201,-0.49999588,0.28363415,0.32344145,-0.35170694,0.01565666,-0.09448054,0.89064251,-0.32302657,-0.67105234,-0.13108342,-0.28182211,-0.42085929,-0.08085131,-0.00845968,-1.29229014,-0.59531691,-0.27418089,1.05604828,0.62549313,-0.63020576,0.02906366,0.82251674,-0.88178148,-0.37573594,-0.45477670,0.10577355,0.29126554,-0.46111949,-0.19542842,-0.38595706,1.15579233,-0.28987573,1.20643559,-1.31041202,1.48024894,0.51439970,2.13647740,0.61049806,2.13411535,1.40354050,1.36988445,1.39426665,0.74598513,1.13275294,1.62434422,0.98180793,0.46829942,-0.48248193,-1.58017282,3.06877535,1.25323739,2.12447539,3.53218068,0.42170968,-11.67468034,-9.19778703,-0.47756970,-4.50462335,-4.36603345,-3.35124347,6.92587079,3.68701139,-6.87578972,-6.50225309,-12.80956812,-3.07089330,-3.21854777,-1.93883953,-3.93209286,-8.29804978,-2.79968710,-4.02869693,0.32774926,1.85520440,-0.91753458,4.62811382,4.18586729,10.96445549,8.69735420,0.27281651,1.36482141,-7.39559044,11.22691755,11.83241014,5.81880885,-2.45892235,-15.23720787,-10.99646616,8.13334474,-1.28046197,-4.51141979,22.59589434,-4.50577586,15.23868477,2238.13482305
-0.02553431,0.05695796,-0.02425896,0.43842332,0.06854694,-0.12310591,-0.09278820,-0.95991868,-1.08739792,0.33813017,0.41885354,-0.43132713,0.50401166,-0.29767715,-0.52655937,0.11112725,1.28937040,0.22638186,0.84591684,0.32665712,1.08077689,0.47534569,-0.99087250,-0.24481601,-1.08237010,0.72416665,0.69457461,-0.42101166,0.44751222,0.64930858,-0.08255934,2.28036227,0.90159081,0.56016883,1.20614999,0.95684512,-0.43889615,0.98959655,0.77826759,0.82545820,-0.20767685,1.16394303,-0.81317699,-0.54645407,-3.70166073,-1.39030406,1.91699883,-0.64783421,-0.26598009,0.02686484,-1.78996132,-0.69373916,-0.68023731,0.87653389,0.61257206,0.22766722,-1.31482109,1.20825253,1.12511699,-0.60564555,-6.15601212,-14.33738147,-7.76779700,-2.73900889,-7.65124558,-0.84734705,-6.01168393,-11.46623705,-12.63412845,-9.90690543,-1.68580212,-4.50534549,-9.84581069,-4.24005235,-5.75432827,-6.02747937,-7.88607989,-1.97974803,-10.83328235,-4.87091281,-0.46114768,-2.68493506,-10.93151359,-5.11185653,12.91700052,-0.31419763,10.98062810,-9.07317327,-5.63283930,7.49771531,11.32912733,2.79879211,3.55876201,-1.28210214,-2.56264511,-10.41899228,6.47124914,2.59091520,1.39831443,5.99484958,1569.51489249
0.46429784,0.09896080,-0.28187655,0.02708543,0.68254338,0.39360006,-0.43801247,-0.34890870,1.10846560,0.38131701,-0.33798048,0.24122246,-0.04069222,-0.13866428,-0.63549457,0.41596303,0.20232969,-0.13687200,-0.12321122,-0.71054074,0.20783226,0.27641635,0.52918264,0.73418979,0.82178157,-0.45362443,0.45497498,0.09677989,0.70404001,-0.69087280,2.37168225,1.02817113,1.03020149,1.30883698,0.43269559,0.09410819,-0.37782080,0.71125701,0.66260667,0.02610174,0.40156403,-0.44973396,1.32732586,-2.25036493,-0.55101676,-0.00650222,-0.32369865,-2.24614778,-1.88476441,0.64823991,-0.57119571,-1.08445300,-1.36837804,-0.24847257,-0.29286663,-0.08318501,1.25331706,-1.78576059,-0.52611403,-1.45844602,4.74785120,2.18662309,5.11765274,-2.72812539,-0.31195342,1.89350549,6.32684207,1.05907816,8.90166473,1.07228783,4.16671159,5.85351953,6.14766304,5.72199682,0.25971055,-0.47696666,6.84200114,2.08779043,1.87488658,1.07625466,3.49748190,0.96299456,-13.25273146,-11.27380688,5.82679547,-13.28829037,-1.00285968,10.95291706,-19.63703329,1.58094476,3.22624437,2.08464306,11.21567822,-2.32254783,6.92458778,26.87040526,-14.12583798,4.80078357,2.88795769,3.84479713,1843.28804397
0.18156028,-0.82143549,0.08983934,-0.78065899,0.29154393,-0.58902618,0.33606913,0.41128678,0.84914284,-0.32320383,-0.48669846,-0.05790136,-0.70491896,0.12973861,0.00032431,0.18162929,-0.15908849,0.00906126,-0.71977429,-0.13677202,-0.37721437,-0.83174113,0.46358547,-1.39505458,-0.08332189,0.01270964,0.60050830,-0.15604016,-0.31341777,0.47148500,-0.95946237,0.46117356,1.03453548,0.20722513,0.34749726,-0.92598559,0.14448349,-3.29906224,-0.31097359,-0.03153550,2.44269296,2.20936524,-0.83393373,2.24806808,-0.77913363,-0.42172454,0.94909386,0.41350079,0.92448981,2.64243567,0.97889641,0.47735049,0.07324924,-0.50839757,1.43526492,1.82916800,1.96562275,2.02411494,4.16705922,2.71999474,-7.84784083,3.47066094,3.69555412,-0.82309648,-1.70442945,-0.85686357,7.11391643,2.68725719,-2.90320658,2.71411282,4.26457525,-0.84121958,1.05477664,2.95667735,-0.57630635,-0.80408066,2.58633005,0.32729041,4.40848404,-5.98393456,-0.39613531,-0.35173349,3.77837886,-10.92485215,8.37655111,4.18765178,-7.31400419,-0.96544546,-0.82692033,-14.50946200,5.11164239,7.14139647,-4.44595205,-12.39978131,-10.23780285,8.15423188,-8.87668741,-4.78604613,-10.18070429,-8.66846561,1937.88796838
-0.02285682,0.09998881,0.20639931,0.06122158,0.48704370,0.20901868,0.72890211,0.15007061,0.24705975,0.29930052,0.37922982,0.04796532,-0.40242054,0.22213694,-0.07481822,0.74954114,0.81280511,-0.17655266,-0.43255385,-0.23850371,1.13029338,0.12627660,-0.19666768,-0.79468406,-0.08015119,0.59270373,-0.68027027,-0.30207189,-0.07154557,0.11604324,-1.90241018,-0.53289683,-0.68185199,0.83662075,0.72882923,-0.60901154,0.28003026,-1.67961063,-1.57811148,-0.36949354,-1.09159171,0.61275306,0.68696923,0.44326902,1.02613296,1.90715753,0.53527329,2.67743179,0.83465638,3.10089511,-0.99465589,-0.81208064,-1.47163426,-0.28236280,2.45106819,0.89612118,2.44295090,-0.48345446,1.18419873,1.25792320,-4.03108832,-3.99590192,-5.24738594,0.45024140,-10.39945044,-2.03259425,-7.33286624,-2.11802446,2.70132690,-0.56658520,-2.56795338,1.46560489,-5.29104048,-5.14230971,3.26560990,-0.43794873,0.80414381,2.86372156,-5.02509707,0.46388777,14.37086932,11.73068231,-18.12128672,3.38116505,5.58460966,-19.46470535,9.90182231,19.80454068,-6.03402803,6.67374531,-12.18886362,-15.84008933,1.81619391,7.90977706,-7.82534253,7.12245336,-13.20420074,0.61996784,2.94597759,-14.12622928,1881.09466263
-0.41490034,0.12434057,-0.78905272,-0.48553010,-0.15581018,-0.03248881,-0.47963700,-0.56559108,-0.40289391,0.61859758,0.13592390,-0.52874706,0.30362735,-0.42321772,-0.90418898,0.19504326,-0.07639872,-0.47456694,-0.33050351,-0.32182586,-0.31038185,-0.53969524,-1.09176031,-1.16881878,0.57891363,-0.65026719,-0.40336652,-0.27177475,-1.02517016,-0.01725560,-1.34273453,0.40077020,0.47750952,-1.05104754,-0.58511862,-0.72531400,0.03706565,-1.79504061,0.07242769,-0.48274428,-1.30971588,0.74307517,-2.61849123,-0.46708956,-0.94398583,0.60444244,0.81849130,-0.58322904,0.39798545,0.41776326,-0.16548757,1.90571841,-1.39022659,0.12531547,1.53745338,0.63158443,-1.49065202,1.41109488,-0.51108276,0.01524755,-3.46035122,-3.13240065,0.23148495,-5.43969741,-7.52327691,-0.02148976,-3.88881880,1.66728208,-12.32064252,-5.58693456,-2.85174959,-3.49583244,-3.45227375,-2.24518554,-3.78455640,-2.96334962,-3.05779082,1.56361732,-10.81907282,-0.36020304,-6.45554315,-7.74139118,2.41627065,-21.39513233,1.22783504,-2.70734143,-4.62950928,-8.94094393,-9.80629117,-17.55188684,-11.56019281,-2.64237986,3.76279152,21.07355669,-19.23618895,-14.29988123,-8.39062327,6.08996972,-20.57738139,-4.63785420,1546.88410792
-0.56430291,0.43183922,-0.19926791,-0.26764093,1.03853063,-1.15911898,0.58463021,-0.34619647,1.01515745,0.37245623,0.26182415,-0.22149609,-0.09324548,0.01335814,-0.35295978,0.02205269,0.39400801,0.56827538,1.03222507,0.65102613,-0.18530969,0.72780866,0.94119319,-0.65843420,0.45663369,0.40441565,-0.41715132,0.74585609,0.37369664,-0.20590101,0.71164547,-1.16739599,0.78128127,-1.19464679,-1.57566167,-0.08701631,-0.21134405,0.30093275,0.13718665,-0.41884512,-0.89253811,-3.27867001,-3.67893065,-4.99282969,-4.26785942,-4.02022692,-3.14077012,-2.02626984,-4.37791785,-1.49374335,-1.40894456,-1.32560620,-3.24027153,-2.77662650,-1.54621325,-3.45019638,-0.43905037,-5.61671187,-0.34726371,-3.76214755,2.02491473,1.62976336,-0.28152776,3.08319571,3.94756752,-4.21446589,3.44897351,1.68210854,-3.98818206,-5.58426082,-3.76782524,1.58463002,-3.10013307,-2.58472966,-3.72375091,5.94389563,0.87906223,5.39343042,-1.28690709,-7.35131433,-8.68064162,9.56054020,13.53822685,19.43633057,4.21938278,-3.71198737,8.27019910,0.28018241,-6.23511952,11.33496570,-2.81055006,-5.38018101,11.92061114,-14.21834372,-5.87780040,5.40553506,-10.13645123,-0.23917061,-1.13613330,-18.90165670,2110.38128036
0.36744701,0.00954086,0.36957343,0.70622976,0.21382310,0.14187157,-0.08003302,0.16293679,-0.94753382,0.49052033,-0.37287206,0.05408262,0.11143360,-0.41960826,-0.02599148,0.32827274,-0.38415352,-0.54818591,-0.50805792,-0.06697318,-0.83221906,-0.61886400,-0.48153779,-0.42092437,-0.24135641,-0.19463898,-1.65012263,-0.05943439,-0.66707384,-1.37516730,-0.67874348,-0.65197015,-1.21155297,0.00421714,0.59258453,-0.44993978,-0.07107975,-0.77805854,0.34720957,0.71308940,-1.61995923,-1.43483736,-0.87259147,-2.23108170,-2.44492685,0.37508039,-0.80134280,-0.43321729,-1.34973224,-0.25912179,-0.58361320,-2.94698503,-0.80942892,0.69506493,-0.87307844,-0.68522481,0.25136262,-1.20240613,-0.37495409,-1.75156513,9.47767710,5.54436971,10.21627872,6.49901081,4.21017936,6.29810674,4.08221268,-0.55424993,4.60838565,6.05419701,1.01693268,-2.88108266,7.38646073,6.00259249,3.06971771,2.14216843,7.78136143,12.82990138,7.36448936,3.69933514,-6.47330814,-1.82885784,-22.70277026,-5.17491158,-12.08928134,1.78673715,-0.45442315,8.74995510,-3.30744018,-19.29260579,-1.04385088,19.21980569,12.72407231,-8.53976820,-10.28060674,-4.41798355,-1.63726247,-16.00041375,-0.47348191,-19.58015352,1844.76478733
-0.63956374,-1.30009573,-0.55845297,0.02218774,-0.02471565,-0.53064660,0.45448301,0.34208616,-0.68669355,-0.02277465,-0.06791100,-0.15429244,-0.43915382,0.28058106,-0.06088217,-0.29732180,-0.83049926,-0.41805288,0.09409289,-0.47087426,-0.95089209,-0.35415403,-1.61721693,-0.04314674,0.99917656,-0.88052617,-0.16739237,-1.07694190,-1.18660342,-0.52336618,0.91063050,-0.67992876,0.30542076,-1.57336398,-0.88757524,-0.92961303,-0.02141325,-0.89161951,-1.75808899,0.20168769,-0.48936639,-1.15210895,0.54310087,1.11842378,-0.29725166,-1.13550857,-1.50640480,-3.33571141,-0.76438702,2.42802062,0.33893025,0.49939769,-0.60481258,-0.50903177,-0.00087966,-0.88681288,-0.87722003,1.00681804,-1.84654038,-0.44610350,-2.60798042,5.00204101,8.71626270,3.64928623,0.66861620,1.54672342,3.77134791,0.72545049,4.99449317,3.90589917,-1.92565216,4.53003349,1.03295660,-1.97602103,-3.85333950,9.74496609,2.81222054,4.36567293,-2.66717241,1.18756997,8.63243635,4.75769807,18.82620190,-13.76995694,-0.48168618,2.27087942,-5.17611721,-14.96327469,-1.41073872,1.60725309,-12.37897876,-0.00619055,-3.30650324,8.71249655,12.40818786,7.10965498,10.14385716,1.94776072,6.23636536,3.38604375,2170.65379099
0.48485667,0.11101867,-1.04336403,-0.41055519,0.48530512,0.48986416,0.15103768,0.13423350,-0.17967891,-0.67109968,-0.19956281,0.44286315,0.31625314,-0.78626774,-0.48320829,-0.16742522,-0.14868192,0.30945461,-1.01560868,0.08528764,0.62352896,-0.33596040,0.85132298,1.37264158,-0.45353961,0.50228110,0.03149286,-0.60118488,-0.13512968,1.03994317,-0.44199650,0.39805540,2.22046334,1.55742364,1.00042979,-0.91624742,1.03036236,0.89771319,1.10460664,-0.42078313,-1.01683163,2.43100359,0.51893315,2.10423415,3.38050790,1.84085737,1.98823518,2.36167981,1.52391865,-1.34074897,0.12637983,1.09036791,1.10110962,0.74820242,0.69313229,1.92574244,1.37679712,0.70660625,3.24682022,3.12249076,-6.96315818,0.95897329,3.49545388,0.36229166,-2.21731041,4.59288277,-6.37241961,-3.09893862,-1.63375905,5.36670368,4.55454988,-3.50641918,-6.97136862,5.56717406,4.71121937,-0.26117432,0.42170776,1.66295451,-1.51812386,-0.18076754,-6.25026983,5.42875439,-6.69339599,-3.78701619,-6.45115417,-8.12888179,1.18587209,5.79950380,-6.79848616,15.91755357,-10.80043685,10.78472967,-3.80339591,-1.11589149,-15.87879677,8.56371130,7.80275712,11.53921903,-6.35955258,-7.28911376,2047.22339860
-0.86688180,-0.08546488,0.03225110,-0.78005432,-0.21344551,0.06963761,0.08216766,-0.30684184,0.14274182,-0.00767586,0.01487742,-0.30904257,-0.08940901,0.32052639,-0.05702187,-0.39979599,0.22511763,0.57986954,-0.16702026,0.12163845,0.67744856,0.38950044,0.75526426,1.64789181,1.11527319,0.90484907,-0.39503685,0.90109056,1.61999760,0.27669496,1.88899464,0.60813131,1.27928772,-0.29782663,1.55564907,-0.01060452,1.70912164,1.50038241,1.75706219,2.33854660,-2.30423641,0.55406061,-1.69858604,0.39430144,0.14835283,-1.62936797,0.35425133,-0.67864352,-2.13853729,1.89175491,-2.32426388,0.63008883,-0.77668719,-0.04582330,1.48221867,-0.76435810,0.18354873,-0.82018832,-0.28621931,0.18121613,3.83651614,-8.77212816,-2.57866894,-10.49892534,0.00953589,0.69205757,1.12252839,-3.52818844,4.04642577,-4.78966026,2.83750856,0.70129475,-1.28563791,-8.00442243,-5.88756076,4.19577468,-1.70248067,-2.69027021,3.39056668,4.51470581,-6.02292759,-0.14805784,-13.59182293,-17.26821533,-6.96729470,-3.83309681,-2.08843066,-5.55260014,-11.18748461,1.63067577,3.13366106,0.62402357,-14.45040187,1.65563946,-13.36173016,-7.67076182,8.67247492,-11.10897456,-5.36678679,-2.63919986,2375.94840169
-1.05145126,0.27370157,-0.67283575,-0.13074841,0.76219217,-0.66877873,-0.36409793,-0.02020452,0.20071627,0.35204028,0.53449341,-0.06126280,0.53693597,-0.49482649,-0.41344993,-0.12317207,-0.05441608,-1.00017850,0.11310942,-0.15718002,-0.18880521,-0.07703761,0.73923691,0.39675039,-0.65523428,-0.13330165,-1.05875046,0.13578691,-0.41382913,-0.04017202,1.39465072,0.38052374,0.75466458,0.62188974,0.78224985,-1.16834736,0.64573472,0.05736049,-0.04318233,0.04181515,-0.13368948,-3.10018149,-0.59526289,-1.97918323,0.32174179,-3.09869152,-1.71475792,-2.04787876,-2.63603966,-4.48993781,-1.53010638,-0.79691337,-1.09484146,-1.44874451,-1.61037313,-3.56723729,-3.38747847,-2.21061817,-3.04901984,-2.66307696,8.50078029,6.28547581,6.06700864,-1.18140303,1.75555476,-0.64778201,9.43248341,2.84695291,1.53356012,11.37680376,4.43753708,2.19070133,7.11724777,4.52682707,15.37179498,2.41576727,4.79543905,8.32297060,11.31155414,1.48325306,-3.79516678,-0.71166891,4.32228899,-0.45831404,6.70251173,3.67525266,-5.86850464,-1.70976513,7.26652842,7.78881733,-13.43003872,-4.03942230,-7.57777663,8.08567587,1.62878884,2.63232836,-12.89708378,-11.45418454,-9.59639940,7.43874617,2416.24180034
-0.20200968,-0.97619799,0.20238081,0.69765913,-1.25199583,-0.56037573,0.32961898,-0.04567320,0.81024968,-0.24496173,-0.25165213,0.17132278,1.13386125,0.52473498,-0.84483839,0.62973296,-0.15133508,-0.10071472,-0.61381582,0.29312760,0.11564244,0.34563055,-1.22999131,0.80720156,-0.99778679,-0.62170531,0.55926525,-0.39087943,-2.02600050,0.60923232,-0.71353959,-1.42698825,-0.86859054,0.27073946,-1.08933012,0.00269299,0.04722814,-0.46506730,0.77234881,0.35065261,1.00169428,2.07620922,2.00330835,0.36721193,1.98831715,1.01800056,1.47854067,0.83981587,1.51340623,3.07129071,0.90967263,2.37884054,3.76845597,1.27014033,0.91773586,0.68017246,1.18227450,2.75787427,1.80497382,1.89500357,-8.74156808,-7.77714270,-6.23641918,-12.85578646,-12.40611572,-2.79189214,-5.34607533,-4.46173949,-2.80982605,-11.30878440,-1.58713935,-1.00189675,-2.01866856,-3.67637379,-5.75323318,-1.26448123,-4.02080381,-11.30410007,-8.33866011,-0.18233842,2.57878997,-6.05784274,-10.40636363,-27.95447590,-13.71585315,11.23438095,-2.76234044,-6.07465253,7.17117743,-5.07165026,-9.76173653,-15.18151056,2.62755069,-7.20344591,-9.74279199,-14.98346706,-11.42614542,-8.56611643,11.48656270,-0.38863337,1937.95110907
-0.01029006,-0.12765299,-0.25022837,0.39244406,0.83387603,0.17761514,0.39945707,-1.08643259,0.04163476,-0.00499068,-0.48809483,-0.49629133,0.22818889,-0.85616171,-0.04730269,0.30663401,0.11411838,0.02626022,-0.68475401,0.44357317,-1.32808862,-0.88089243,-1.87029317,0.99562676,1.05029053,-1.45320694,0.00497507,-1.49495044,-1.99499583,0.09338545,0.07596645,-1.43935955,-1.42164083,-1.51026059,-0.52820396,-0.76927398,-1.00783111,-0.02682462,-0.60543579,0.59455448,-1.40933337,-1.55640838,-1.84788312,-1.50058322,-0.44071537,-1.03703697,-0.36628689,-0.17356733,-0.65268239,1.29845865,1.63864596,-1.66517340,-1.91663390,-0.51182819,2.23316937,-2.44419994,-0.75177736,1.05349646,0.07708597,-0.52452591,-2.37817391,1.13932306,-2.44282762,4.71420508,3.97805373,1.66854261,-2.25422026,-0.16712036,5.37458175,2.79253773,-1.96039035,2.66874482,7.20741040,0.69854420,4.52866404,4.76967380,-0.69712750,4.99634217,4.95906317,2.81988121,7.98225946,12.82387094,6.23148835,18.65576045,17.42792447,4.77071644,-1.50480888,14.21672545,-2.13596372,-3.48907011,-6.69853227,6.82840765,18.10371776,2.25425346,24.72921482,2.46090329,-2.37950322,-3.96368841,3.32722880,3.70275266,1815.77826963
0.25758977,0.45004417,-0.01140264,0.05494463,0.00320245,0.03419323,-0.03711202,0.68807928,0.40956397,-0.70792065,0.26507188,-0.32867499,0.00862380,0.08856248,0.34992055,0.45922597,-0.51404203,0.70469386,-0.42895973,0.98605663,-0.47368424,-0.10805682,-0.30888870,0.51100814,0.22800321,-0.60361730,0.30435458,-0.67376655,-0.96414569,0.08807119,-0.32462919,0.03977627,0.10853227,-0.52124106,-0.26329980,-0.82528643,-1.79231391,0.20169279,-0.37715672,0.59521972,-2.88269462,-1.35091789,-3.77171990,-2.05308298,-3.19487863,-2.59775241,-4.48549260,-2.76987221,-2.52896321,-0.90768774,-3.02600561,-1.81370212,-2.82799388,-0.07721541,-2.27910229,-3.00184803,-3.79396152,-3.09315857,-1.53510209,-1.55208856,-0.98104226,2.22972757,-3.46205367,0.07407625,1.56926882,0.68240582,-2.32786819,3.11432005,-3.05986971,-4.74658461,-1.50743399,-5.66420938,-0.79105020,0.51758467,-6.39039824,4.31249232,-4.19710058,-4.13783850,-3.94715459,-2.77644863,0.65776309,-6.62173333,-5.21220780,-4.91054714,-15.30847118,-15.24206529,-4.96527994,8.73154283,-0.59973180,4.71101690,-5.99055856,-10.12515528,-3.42617126,-8.69989095,-10.39686218,9.01035368,-20.46335139,-0.75895702,-5.17066665,-2.93561696,2006.23867864
0.17393002,-0.14146522,-0.37396130,-0.30647449,-0.04216617,-0.92125706,-0.27476171,-0.04997525,-0.54154856,-0.16598152,-0.23163371,0.24625499,-0.39423575,0.64595860,-0.57282075,0.40391663,0.52405493,-0.22223849,0.38273917,-0.14267631,2.07460030,2.73989028,2.07016673,1.25752174,2.32662351,0.99546213,2.65793836,2.51886692,2.27812759,3.02528386,0.93669601,2.70523050,1.08016716,0.46853267,0.87552339,1.19538662,2.62907281,2.22183467,1.81645631,0.48115748,1.53231399,4.00510230,0.89720897,1.85735735,-1.12290356,0.20672094,0.83237979,0.24338721,0.85251674,0.22644948,1.66554249,1.10108021,1.07044066,1.07897797,1.16382945,0.13565396,1.15231170,2.05281250,1.30164126,2.55848994,5.02776015,3.33761914,5.57740090,10.29277590,5.34822755,0.64448265,-0.93233563,13.77754916,3.63336168,-0.63898955,4.14447492,-4.07811004,-2.19208482,0.82151803,1.11846831,4.07764493,-1.48919850,-1.65192242,-1.23122602,3.65088081,-15.50441492,-9.44722034,2.27711142,10.96051864,11.84929038,6.56938628,-9.41724516,-1.86080637,3.49755583,-1.11965793,7.28739006,-9.73334903,9.84339047,-0.72552166,-7.71795904,15.57204651,6.71420424,1.89597232,-4.18919103,7.70413055,2306.12141578
0.58489029,-0.33919328,-0.20089436,0.03003642,-0.06658702,0.38631164,0.57043411,0.16162695,0.16313352,0.97026900,-0.33922814,-0.37963774,-1.40071584,0.19873156,-0.36454650,-0.38441213,-0.75335870,-0.10743685,0.24522165,-0.82232559,-1.30872679,-0.36327695,0.23656831,0.23948087,0.83582943,-1.42175577,-1.73766431,-0.02032164,-0.12592728,-0.29006772,-0.95287035,0.47992234,-0.70306994,-0.71354091,0.18272577,0.69097742,0.11793411,-1.60560878,-1.47778475,-1.76473014,-1.96357749,0.28973913,-2.47032085,-0.07464296,2.50642584,0.24254969,1.79471735,0.61797577,0.34197070,0.62269852,-1.46710586,-0.63983278,-0.55238796,2.24748649,0.18008520,0.84843938,0.98238409,2.07044384,0.97595410,1.12593743,4.65238516,3.73124661,4.18358359,-0.71497107,-1.52926454,-0.46866093,0.72763136,2.89998460,0.75372214,3.09360393,4.69697790,-1.20454742,-0.38529713,2.63058162,-1.26185272,3.91782508,12.57484959,-0.54560854,0.93185326,-2.04597696,-16.93007545,9.67579698,7.12377554,8.62444459,-17.85079134,-1.98656111,-16.34937184,5.68932706,19.10308865,3.62641775,8.84455632,-0.17475625,18.86157547,0.74853220,5.25139707,10.14727317,-3.20209602,7.52342820,4.96286420,1.00824973,1956.32037582
-0.04916274,0.38704903,-0.78747103,-0.19304889,-0.33010815,0.33375799,-0.03156283,0.13354573,0.47952391,-0.08445120,-0.31905597,-0.67464747,0.36996775,-0.21325615,-0.17337662,0.05288587,-0.15062927,0.69816404,-0.48247763,-0.29927943,-0.70120241,-1.27684570,-2.91275937,-1.94397645,-1.73226864,-0.89942325,-0.57019012,0.06824755,-2.16255727,0.83503301,-1.38812787,-3.16902237,-1.92559582,-2.00059129,-1.71149655,-1.41808614,-0.08360308,-2.01994126,-1.75534273,-1.96799867,1.57884348,0.59779158,2.12044045,1.16159698,0.15736441,0.22107072,1.23203506,0.20348116,-1.38433415,0.89361883,-0.67412890,-0.18248958,0.25611405,2.22117362,-1.61895702,-1.37066614,-0.05809927,-0.37785503,0.41026728,2.32721872,3.81807373,-8.23028772,-4.19160809,3.73065829,-4.68018123,-0.88576149,5.05790229,0.72944994,-0.72445537,2.94393693,-4.09737403,-2.69933474,-2.12131042,1.19323434,-4.00682863,3.75251826,-1.87153382,-11.52743689,-6.10803568,3.44602632,-17.98174038,2.19978648,-18.51168797,-18.52675536,-6.58005466,-8.59476448,4.46206955,-13.25637520,7.26817327,6.01326476,-1.92277263,-9.16535630,-2.20319299,-2.43351007,-2.72734560,-9.32259381,0.48442558,-16.99927925,-11.12897551,-1.85151570,2742.77686546
0.51381260,-0.10195037,0.06767126,0.35690103,-0.00821015,-0.95393373,-0.43559236,0.00137049,-0.02179846,-0.44715586,0.68649811,-0.23630428,0.39296053,0.59076015,-0.81049121,0.34517508,-0.23013006,-0.66435357,-0.91810715,-0.58834162,0.09569555,0.68754956,-0.64416017,1.51464457,1.26670866,0.49664243,0.80455518,-0.04318462,0.83363088,-0.76858934,-1.19939072,1.02855988,0.89474054,-0.45260416,0.49252325,-0.48669915,1.23464594,-0.26880322,1.04724736,1.50197879,0.50659158,-0.16629407,-0.88637175,2.37479650,2.60705679,-1.63758524,-0.49439395,-0.86912548,0.07507507,-1.73711676,-1.53716622,0.48412272,-0.62775337,1.52011860,-1.03720208,0.42777823,-0.53712649,0.87060964,-0.27137656,1.66881404,3.83865585,2.11308662,7.55574769,7.01335821,1.45524431,3.35228949,3.42795998,-3.09007771,6.09993053,8.89693946,10.82975509,6.70858036,-3.56928227,4.03432110,6.12557585,6.18972748,0.00624878,3.70024144,2.55895344,3.76523841,-15.03108270,5.95955138,15.06068156,7.65840983,-10.35691987,12.85072143,-12.50893314,9.21903691,-3.71800726,-1.08106207,-6.06270455,4.33872095,3.87794823,18.33130447,7.28598551,-10.25693404,-18.83993550,-3.95758709,-1.90362806,8.68790097,2242.46385209
-0.36969001,-0.54034725,0.15576001,-0.17415600,-0.14927727,-0.28623566,-1.25844504,-0.42621264,0.29290248,0.06555611,0.34215191,-0.02291100,0.73099260,-0.94934475,0.41281447,-0.39741097,0.20809111,0.57689025,0.34455744,-0.19249300,-1.81177127,-1.07391451,-1.35541814,-0.77875789,-2.09035216,-0.92893615,0.56599233,0.29123045,0.50444263,-0.57046285,-0.37426950,0.10337531,-0.22384946,-0.42702369,-0.96530255,0.80627253,-1.75982815,-1.09683429,0.69109260,-1.07340973,0.39647927,0.20945957,-0.00543753,-0.48786332,-0.29116406,-1.68606404,-1.26490448,-0.28234988,-0.05747753,-0.87838945,-0.49316647,-2.10395881,-1.06840415,-1.94156117,-1.12146202,-1.80016233,-0.55986349,-1.16088414,1.15846480,0.12716046,-4.45610259,-8.98012485,-1.07445122,2.83243571,0.09615547,-8.02117985,-2.27598883,-5.02662419,6.76721740,-0.38435861,-0.93903706,-2.07716725,-4.01388160,-1.70898719,1.48839088,4.80096297,-4.67344184,-3.49227076,-2.75321155,2.12368377,-10.86698826,4.25779253,7.79389100,-10.45691517,0.85621263,9.53013112,1.64716141,4.89856264,8.09386701,24.66147909,7.33788389,5.22244612,-2.08020291,3.02523862,16.43140724,0.07507017,19.86107016,13.90535289,22.55009189,15.08869617,2426.99711117
0.16933113,0.22783746,0.02510722,-0.29335501,0.07485477,0.60584526,-0.90979460,0.04937752,-0.08402018,-0.07039772,0.17524184,0.06049971,-1.00275478,0.30534147,-0.31119197,0.51408499,0.00221006,0.17290068,-0.40695483,0.14276381,2.06152704,1.24428607,0.63452206,1.49721980,0.40515580,-0.09657974,-0.08873532,1.80803966,1.00462144,-0.43205852,0.62031471,2.00256914,-0.76914483,0.98114246,-0.00562003,0.80487660,2.62969859,0.24681873,0.28198004,0.03885187,-0.13765208,-0.41889642,-0.93137085,0.46239522,-2.65471491,0.51922469,-0.11745260,0.73547760,0.62993876,-0.07608217,1.41122179,-0.51524619,1.97601058,-0.17617703,-0.73716124,-0.11097467,0.15222655,0.28849909,0.84745001,1.13531912,-2.84644123,0.95901828,-6.05410877,-0.92841037,-1.58739669,-0.13913797,-8.06692897,-0.59042698,-0.45891751,-0.58233334,-8.13757246,0.81928054,0.52610810,-5.42667766,0.44036811,2.13150486,-0.24823158,-4.15912358,-2.02066265,-2.18335644,4.43688326,-2.26018125,17.06868685,-20.20348892,4.20518337,-1.11656321,-1.47402352,-3.91798015,-0.85783887,-7.38691849,-11.83663272,3.06321853,10.09469255,2.60856644,-2.45937123,4.24539133,9.88027018,-2.96127664,-6.05951173,-6.51931124,1703.39379637
0.07890742,0.03159501,0.60022262,0.13917664,0.34731856,0.48778821,1.05633466,0.51877345,-0.24762532,0.96025198,-0.38537687,0.15704506,0.51830367,-0.22017888,-0.00910120,-0.83391546,0.82378647,0.14694730,0.67627688,0.13435174,-2.51170279,-1.10698895,-0.89527204,-0.32896203,0.29884230,-0.84600049,-0.79759416,1.05940378,-0.64671705,-0.69760488,0.40997875,-0.88596294,-0.79498520,-0.38281278,-1.18217466,-1.57320285,-1.26053478,1.09225475,-1.28268956,-0.28328703,2.32068011,3.73468807,2.06579169,1.74527695,0.30481727,-0.64677778,0.70423423,1.78242971,2.53797150,4.59713225,1.15038485,1.29356061,1.20380856,3.19389179,2.22608969,2.38053732,0.85427188,2.23767275,0.30894588,1.05192267,-2.95089679,-4.98748300,-2.50845714,-4.07924705,-5.04620223,-9.12905204,-3.60043224,0.08768248,-0.95356590,-1.30368571,-1.38809522,-7.91517557,-3.95300364,-6.62236729,1.04829758,-11.13942334,6.87761363,-3.05225048,-4.63738881,-0.32133417,4.46971229,13.41442123,6.14518528,5.64837109,4.58247492,5.44918505,7.27912286,14.17284330,-0.76592863,-4.32165892,-1.35263999,-2.73978471,-20.02778540,20.51150507,12.81195874,7.17625810,-7.20052536,12.60098749,8.89939172,1.16876779,2199.50164395
-0.10244791,-0.52147860,-0.65272824,-0.78282624,-0.35877193,-0.34451314,0.14961202,-0.08822174,0.00488445,0.43220521,-0.42380746,0.00305361,0.17186046,0.17039148,0.26367720,0.63386371,0.12774258,-0.38910558,-0.23618034,0.99837956,0.22244261,-0.37418720,-1.12264254,-0.02325370,-0.83607478,0.36653574,-1.47629151,-1.33356292,-1.45856910,0.47758968,-0.73792438,0.88088955,0.72607297,-0.12205623,-1.37651856,-0.37749008,1.45538785,0.71926483,0.32346212,-1.12574317,-0.44848549,-1.67145743,-0.66367713,0.16184139,-1.80853065,0.70774750,-1.85840555,1.94754925,0.54790706,0.69954636,-0.71532377,-0.37158154,-2.15691626,-1.95289821,-1.99857941,0.42557585,-0.10457363,-1.13276104,-2.52889828,-0.06062625,0.42409218,-3.69014402,-2.46855869,1.39994881,-0.85154077,-2.23436986,3.24161422,-1.14456548,-3.15987387,-1.25362826,1.37956837,-5.62115322,0.23700849,1.93127431,-1.80097200,2.91921313,-5.88785775,1.93372982,-0.84123765,-1.90161698,-7.79499574,0.07542628,-1.83508141,-13.45415471,-2.22382594,4.41072374,-7.14824001,-9.75361851,-5.29752910,-1.94443353,-16.42552347,-4.73775251,-12.47421527,10.35189162,-2.92288570,-0.20601688,-4.58666721,-20.01719238,-21.02649032,-6.75723263,2195.60847593
0.03126070,-0.37987486,0.07661613,-0.53961602,0.36478279,1.56192172,-0.34495122,0.10199703,0.15767461,0.11314750,-0.33888043,0.36254536,0.61419146,0.05694142,-0.94583446,-0.32685185,0.06348684,0.18004849,-0.08802357,0.07103258,-1.17040072,-0.15608795,-1.56630168,-0.09341412,-1.89763270,-0.70336861,-0.65515948,-0.14814743,0.41464182,-0.70350879,0.40661096,-0.35353779,-0.95550890,-0.50273471,0.04735989,0.37947859,-0.74627223,-1.87858960,-0.14188433,0.35005209,-1.14471443,-2.53314323,-0.59473408,0.96575042,1.44789888,0.98333530,0.93682776,2.50217419,-1.23739921,0.15548030,-1.86153695,-0.39365776,0.71128519,-0.30769491,0.76411070,0.73693877,-1.98096110,-1.83469077,0.16117073,0.46067887,-2.06691235,-3.45048747,-7.46715051,-7.97336322,-9.69267568,0.06267207,-8.27371923,4.26464231,-8.59540509,-7.75603155,-0.36206781,-7.08164307,1.62062562,1.47189933,-0.18646690,-2.20021400,-3.38366996,0.15154102,0.26451645,-4.82645637,-11.47771994,-1.34015845,-31.07902265,2.88422197,-14.67019111,-5.82926172,-17.94698584,-13.89490249,-8.45272667,-12.34166451,-12.83643293,-17.39870379,-5.23933574,0.09604111,6.87317324,-17.00303002,2.38821663,-20.96244842,-15.17261419,-14.85124204,1799.31189526
0.60642769,0.50355683,1.02512850,0.23287109,0.03685106,0.24408029,-0.13888533,0.83510475,-0.54326855,-0.21237454,-0.16641254,0.92086366,0.71728822,0.28848857,0.73121100,0.33657872,-0.31691994,-0.33894823,0.13372102,0.38410406,-0.42631732,0.76888818,-1.21242388,-1.46838257,-0.00653453,-1.47814737,-1.05301752,-1.26629084,-1.14302476,-0.19955573,-0.04352477,-0.16568482,-1.75080030,0.35763376,-0.07574866,-0.75147474,-1.66363214,-1.94396885,-1.36473138,-0.14074761,5.37382511,4.18010982,3.00913497,2.95070472,4.55774846,2.84586807,3.97329397,2.51061983,3.76460205,4.85433104,3.33977270,2.69978792,4.00510985,3.55783667,3.05053529,0.34465045,3.03946068,2.29033534,3.64191220,3.45446244,4.15993412,3.70160041,2.87524655,1.96904199,7.98864260,7.98870954,-1.02958726,4.87209697,6.09486020,-0.12557128,4.40964535,4.13585720,6.00978933,0.96072435,2.10781086,7.81112788,-1.08561054,-0.37828479,3.04214135,4.61488375,-5.17300477,25.84908019,-0.50179125,1.31328925,1.30865098,4.94916633,7.79214139,-13.81190041,1.07562557,0.76781269,5.35172698,-0.61377712,9.12128496,-1.27441058,-4.26074396,8.12264190,4.02647512,6.79334229,9.03424484,-1.74645711,2472.07651576
-0.29221096,-0.73847416,-0.75155783,-0.95580883,-0.11808470,-0.76875454,-0.02857553,-0.04795514,0.40523743,-0.14328000,0.01279710,-0.23570305,0.10132550,-0.70168303,-0.52154201,0.88242869,-1.27909100,-0.53892708,-0.09941768,-0.25941189,-1.47058816,0.08304838,-0.36614938,-1.62422703,-0.45768337,-0.78226298,-0.66526711,-0.97803218,1.01513015,0.18597050,0.18398366,-0.75893982,0.27086956,-0.41297414,0.02480082,-0.26877575,0.08791718,1.60665956,-2.17962404,-0.63244953,-2.89829673,-1.81998885,-1.70560837,-0.65784665,-1.95623671,-2.00032032,-0.56279792,-2.76793500,-2.61757882,-1.48871638,-4.90202033,-3.62596318,-1.65655865,-2.38563111,-4.31276244,-2.26349853,-1.99350534,-0.22403190,-0.10076416,-4.90294006,-1.83639757,3.08278060,-4.41438484,-4.98825398,-1.66039122,7.05859532,-3.79965843,4.72180934,-3.13362172,-3.44457340,0.91712371,-5.98429292,-2.02773171,-2.20300385,-1.46295022,0.83315131,1.20845245,0.31644509,-1.62334394,-0.58710256,-0.69523638,6.23085565,-9.21266164,2.86330878,-9.84086951,-13.37555298,-20.86063870,-3.49915012,-11.64927542,0.92118099,-8.49528546,-5.80681708,-3.79239908,1.54424056,0.30256852,-3.17188255,-3.28141790,-3.26282418,4.50901582,-25.92108092,1967.12087088
0.28397604,-0.05850047,-0.01217600,-0.52718888,0.33325423,0.45052290,0.08488471,0.64784723,0.00787100,-0.77731621,0.45602291,-0.44956956,-0.46818382,0.87812870,-0.66033005,-0.11811639,-0.64181596,-0.81597909,0.12102009,0.37249844,-1.11081365,0.38962001,0.06122459,1.02827229,0.34093284,1.41712821,0.49164190,0.76147135,0.02085268,1.13379179,-0.52228955,0.04874154,0.34529059,0.32145243,-0.93666092,-0.32841267,0.09715165,0.40114525,-0.28679812,0.41627562,-2.20391553,-3.13934035,-1.54929378,-2.39432638,-1.95064836,0.80562893,-1.50396930,-3.11764897,-0.90066538,-1.43553729,-1.50869354,-2.17486494,1.91803153,1.00990233,-0.14126883,-0.17534471,-2.99461091,-2.01329123,-2.44385838,-0.89661287,1.00577871,0.17962994,4.88573847,5.11957704,-4.39275854,-0.79244526,2.83213328,-1.34849789,2.63169358,2.31029869,3.73047801,4.17978990,-2.04801160,-2.17775022,-5.07526507,0.62290742,-3.04017018,2.12547317,7.06167057,-1.95704760,-6.66551841,9.18689961,-7.77548644,-6.46759328,10.90268719,-13.93025717,-3.88794704,-11.74719588,-5.70471307,-21.02034848,-5.02576107,-23.98795794,7.11444615,-8.31630697,-8.83343823,-6.15246029,-15.05796806,-7.51617269,-20.33518482,-8.20398643,2180.88919216
0.90231834,1.18131343,0.77489023,0.47001401,-0.14216743,-0.34769314,0.32062775,0.04074988,1.16455435,0.53893034,-0.54105565,0.68041087,0.81330059,-0.48137725,0.29791017,0.30032570,0.11700284,0.28550445,-0.41923162,-0.56261987,-1.29643242,-0.85076358,-0.73025067,0.48786730,-0.14643364,-1.14943569,-2.48186125,-0.65590394,-0.69435347,-1.34048072,-1.96878104,-2.06834274,-2.02721158,-0.59844249,-1.36736474,-0.55581441,-0.47311626,0.33549014,-1.23345692,-2.11490404,4.43745112,1.75853552,0.88512940,3.13843588,0.63026353,-2.06306567,2.32681603,1.89477262,-0.13520740,1.56567501,1.54424239,2.01738817,3.11769930,-1.26640601,2.37176985,3.93911749,0.13971713,0.96633860,2.07766817,1.42016503,14.62164759,1.81381270,0.89806417,-3.17819020,3.27790684,0.88108256,1.88335330,0.41758259,0.40748967,4.39534298,3.66381063,0.15829388,2.44610014,6.15891024,2.71105540,1.43989045,5.99991993,8.05298535,0.08913215,6.42380840,-3.14341231,12.40653364,15.48097168,-17.51712766,-8.22587958,1.34557692,0.42594819,-4.34632726,4.47394937,-6.74400750,9.84416453,-10.02299773,-7.65308779,4.63559176,9.74880949,8.41638193,-0.09022277,18.09624837,-7.37102895,0.82878750,1937.71314069
-0.61898900,-0.26544127,-0.58109475,0.02930621,-0.51736923,-0.58232121,-0.10127271,-0.64179778,0.66359985,-0.54463072,-0.17007805,-0.37566098,0.26091464,-0.28323014,-0.21883212,-0.64517839,0.18567080,-0.58184647,-0.70874074,-0.79683842,-2.22649016,-0.83053995,-1.03103774,0.39225153,0.13689000,0.99458778,-0.55665198,-1.74293627,0.39488537,-0.40875796,0.01100344,-1.32305449,-0.82366962,-1.69030920,-0.18722647,-0.86334201,-1.58172493,-0.28028114,0.25500638,-1.21785421,-0.79220808,0.04516751,1.23294870,-2.80793424,0.69390501,-0.42993624,-0.07726522,-4.03851801,-1.44208235,-0.20887280,1.08069289,-0.22788133,-1.70189479,-1.63702059,0.64797600,0.26555681,-1.41278728,-2.46343818,-2.80219387,-0.54872199,1.81882345,5.45896612,7.86319478,12.27820300,6.95730681,11.70367006,0.70811011,1.88821371,7.96353387,7.75224427,-2.19316035,8.33182444,7.49664741,4.84526144,11.22957868,5.16390541,2.91087146,5.48492571,1.32128255,15.97500140,5.05802855,0.14870865,-7.41891691,-1.41392545,-0.61065657,19.02771308,8.50232896,-5.11315807,9.21314659,21.89653997,4.72680237,11.62445036,11.89635119,4.51301242,4.38919985,1.07329313,12.01128314,15.18115510,-9.89664714,-7.46009389,2582.00229682
0.70102761,-0.21932464,0.24951300,-0.12314672,-0.11061680,-0.32282417,0.35746012,0.41503108,0.50761615,0.18897564,-0.62614161,1.27090285,-0.82279975,-0.53681051,0.11265550,0.46605497,0.43831852,-0.11350428,0.63852645,-0.60925557,2.20305851,1.19330930,0.79442324,1.05480926,0.41215480,0.53030378,2.22394271,1.04630000,1.49950960,2.03753512,2.50060168,1.10930359,0.65698497,1.52283567,0.73710171,1.60602624,1.13459102,1.58521165,1.75175088,0.04216936,-0.78011406,-2.32883933,-1.14537477,-1.13638772,0.49135557,-0.24807398,0.70648977,-1.41128000,0.94718395,-2.55634633,0.71183813,-2.18800953,0.83853014,-0.75496447,-0.47344468,1.09200442,-0.98713943,-2.84398307,-0.43126824,0.92383498,3.35544124,-2.72881897,0.01807943,2.13531808,6.88071039,-0.90144352,-7.71135967,-0.79238576,-5.25840701,-1.87142448,-0.71962068,4.84199517,-2.17490163,2.13693298,3.10919136,4.54485286,-3.53648494,-2.73896264,3.54970462,5.76831771,2.49016033,3.66527284,-19.59456259,-10.99099933,-10.61034173,-4.07887679,-10.98635043,-8.53304914,7.32242844,-3.32236864,-26.12493593,-8.17236826,-5.37448850,-2.27448866,4.10773957,6.01425825,-11.69859618,-2.41011462,1.37293744,-13.67541542,1862.15506556
0.54881899,-0.17807903,0.66696581,-0.57552749,-0.22465747,0.08281807,0.69534098,0.86677945,0.12128791,-0.13042025,0.37528108,0.26698011,0.93674268,0.54987800,0.56523082,0.67568546,0.56403882,0.15831152,-0.85552335,0.47777544,0.15671446,-0.00238476,0.80810082,0.74232120,1.25671286,0.41089553,0.76020230,1.28415672,-0.67464050,-0.31113809,0.89936325,1.36015957,-0.05740148,0.71616321,0.56055677,0.57774215,-0.44669451,0.57882666,0.27036091,0.04878643,-1.93892428,-1.15557011,-3.47394706,-2.93687895,-0.64118904,-2.34271005,-4.17051060,-1.75689329,-0.86795773,-2.97470275,-4.66503913,-2.63089624,0.00745973,-0.16473892,-1.96983201,0.03906290,-1.29903337,-3.19060474,-3.26153945,-1.81277512,2.48124221,-0.03251353,1.53064492,2.12636650,-2.05630883,-0.92884724,3.65115485,-1.13626206,4.65590443,-3.42813276,-7.55968112,1.87427022,-0.74502397,0.18209478,0.55550897,6.27815375,-0.36914647,1.78657203,9.87776811,0.55736602,3.73379454,2.28077615,-2.31551757,6.82483076,-1.35878946,7.79963033,-4.70304840,18.32200300,12.40905357,3.26635822,19.37756850,-4.98930892,5.46912451,10.27368057,-7.58326810,6.34662777,22.12045057,-11.41772043,6.56477146,12.07077292,1837.48275458
0.64022229,0.05975381,0.15489037,0.90267786,0.16044774,1.17581330,0.57372920,0.29755266,0.60385089,0.30118305,0.51193206,0.67327165,-0.75065508,0.52832536,-0.55584178,0.61374624,-0.23074144,-0.03574387,0.67997208,-0.22818668,-0.83391514,-1.10966345,-0.70113011,0.09214128,2.08728038,0.09028051,1.67804170,1.54669571,-0.19896928,-0.11713775,0.83327914,-0.22357976,-0.55510724,-0.78264767,0.34413571,0.89309140,0.11829096,0.36852801,1.09602175,1.40441274,1.19930902,0.32122546,-1.28332165,1.24053671,0.80953275,-1.19408709,1.21562250,-0.47461962,-0.17369631,-0.80745503,-0.35994841,0.71855607,1.63784911,0.58215550,-0.64433452,1.26242278,2.38080387,-1.92149815,2.49467620,1.01499895,-2.84955746,-3.59733551,3.40019149,-2.47490869,-1.02537787,-0.90219291,4.97977586,0.23239981,1.27497453,2.33893211,1.97192994,-4.93773580,4.46291211,-3.63208875,-2.52686107,0.38026299,-4.82496078,2.29663285,3.49395599,1.38728436,1.12688828,12.93355936,2.58924373,15.97349293,-3.44319092,2.42992316,-2.81355778,6.41428703,22.15286977,8.27329162,6.94823904,-1.18009614,1.23921435,5.18799698,-19.09497233,1.72839480,6.81370382,-0.24982228,5.52833886,12.90181284,1819.43922399
0.01336637,0.53656408,0.48312813,0.35231990,0.16198252,0.54669805,-0.64341271,-0.22811179,0.93392701,0.43586735,0.28024785,-0.34292783,0.24948248,-1.10580652,0.16785521,-0.66502999,-0.63233057,-0.11763129,0.21516008,0.38092158,-0.05964852,1.53700418,-1.21661255,0.80478403,0.41428954,-0.68253356,0.88351890,0.34871133,-1.09405844,1.85034688,-0.30227170,-0.42435652,-0.55457329,-1.04717003,-0.33154671,0.75675333,0.16580478,-1.29130182,-0.12886923,0.01477308,0.96339384,1.66289834,1.03965254,-1.97584561,-0.35411226,-0.11277009,-0.03054161,-0.15840965,1.15744285,0.88677174,0.82044995,1.23795096,0.39538230,0.73562971,-0.07273529,1.14088327,0.71491247,-0.29367889,-0.87430521,-0.02603645,-8.22123929,2.90833224,3.79295915,1.77134268,-8.10674152,-0.85180375,-4.64284704,-0.06404239,-3.11997517,2.96364807,-3.93399921,1.90668884,4.34827358,-0.93378460,-1.71103115,-1.76554220,4.93122973,-1.30327528,-1.76569778,2.25858722,3.48939702,8.42199457,13.36081901,19.57490475,10.44190253,8.78310099,12.54497270,-11.30003969,19.81341867,-0.63898899,13.30695109,-6.85071136,17.46357987,13.36757580,11.65025081,1.33204992,12.97661890,29.58938658,13.56629641,14.91174458,2122.39490494
0.24348701,0.42278028,0.38361059,1.16209420,0.43528462,0.55308195,0.88263372,0.32064869,-0.41810018,0.25804792,-0.02445522,0.40800312,0.59725647,0.19184388,-0.23926951,0.34181989,0.71451007,0.41320021,0.32562517,0.25495609,-0.17337569,-0.15407088,-0.75603904,-0.55323808,-1.13592482,0.13752112,-1.91863550,1.18536178,1.45725101,-0.69827389,-0.00479082,-0.04352218,0.22161064,0.40079778,0.12080837,-1.03791603,-0.63311232,0.49629887,-0.56843246,-0.38476011,-2.17557182,0.79642434,-1.32030015,-0.78470355,1.41653137,-1.61905052,-1.61889023,0.75981186,-0.54720534,-3.37797611,-1.33407599,-1.02329470,0.30390885,-1.48655576,-1.39393885,-0.93240225,-1.38125007,-2.94376747,0.09896862,-0.32697474,-9.48549543,-5.24030563,1.89236945,-6.70361298,-11.35546731,1.93037175,-3.24897366,-6.65867527,-2.19620837,-7.07796391,-8.16100368,-7.39920361,-2.02021722,-4.40191275,-15.34937100,-5.69856266,-5.03522232,-10.86140109,-14.12129517,-15.47557225,17.23135207,8.56870458,5.52499079,-16.77554153,2.10460922,12.14198102,0.61271812,-2.96698067,8.44259529,12.54765636,1.16098967,11.73433093,-10.76620093,5.29684511,-6.75848771,-0.29161114,6.92833516,8.49103164,-5.04502429,4.61218161,1343.70320746
0.34124093,-0.23024742,0.98377711,0.24505294,0.51577873,-0.04880227,0.11083506,0.54981655,0.83428376,0.24956481,-0.47843023,0.76556530,0.13826695,0.66979283,0.46884461,0.26817169,-0.12412987,0.32771143,0.76007716,-0.20990526,-1.22723350,0.88535600,-0.22720033,-0.00437426,-0.16321441,-0.39230397,-0.69285848,1.61908925,-0.73550383,0.34840180,0.10977041,-1.15659701,-0.71502440,-0.94768044,0.58050885,0.81420183,0.32967020,0.32919740,-1.74497002,-0.45456652,-0.67736918,0.22556063,-0.66745889,-0.98009610,-0.57579332,0.23831518,-1.47012463,-2.17083816,0.45002549,0.91852786,-0.05213330,0.63738466,1.66463954,0.97664543,-1.07635267,-1.05910207,-0.03784602,0.17311981,1.88453318,-0.51351801,7.42565703,3.99501971,4.91191477,1.09768400,1.08881345,1.32721810,-0.58229321,0.35603559,2.11789230,5.39407962,5.74608486,10.88329290,2.49592641,5.16300829,5.47285574,5.07102233,-1.34840353,11.72188664,-3.99852364,5.20602623,-17.65080294,-3.82269445,-22.39898251,5.42231698,-8.88977201,-14.00014732,-9.86772360,-10.81518935,-4.62547749,-5.93243876,-7.60063421,-15.58283041,7.95286707,-15.15520973,2.59541097,-30.17653270,-2.35804148,-17.29778474,-8.44993623,-12.57821298,2313.68044034
-0.62937580,-0.80000027,0.27609013,-0.53419426,0.24451977,-0.69880551,-1.15657891,-1.01345308,0.25470102,-0.26451739,-0.28374832,-0.43764957,-0.40706166,0.10205195,-0.40243035,-0.19852211,0.08959412,0.26693703,0.32283818,0.53566425,-0.47006690,0.22674374,-0.84663058,-0.85846171,-0.01866815,0.45328640,0.18551664,0.19984239,-0.46376983,1.25096352,-1.56765481,-0.67332027,0.56945341,-1.09667471,-1.22626236,-0.17624903,1.39617086,-0.52869791,-1.23936842,0.09733328,3.08492108,4.16132088,2.30467485,3.17484147,5.12569677,5.40287928,4.59397639,3.55327503,4.03461591,2.61074030,4.29360304,5.21260563,3.10471797,3.15327933,3.53237814,3.05992694,3.39963546,2.88258554,3.42663249,3.66628617,7.90180161,-1.06505931,-4.60837611,1.89837183,5.26148402,-1.74789682,4.66522120,5.96815267,3.62837563,1.86356060,0.09634555,-4.07620161,5.85268639,0.64242629,6.58866969,5.73463367,6.14371095,0.39841537,0.22190371,5.99439931,-5.60715030,12.78363053,15.05751025,2.45900677,-4.30405768,13.47366415,-0.30166183,7.49248660,9.56116600,24.63750856,-23.51555571,0.50814518,4.54935671,5.92007570,-3.34246855,-7.54010127,2.66557764,-1.41161631,6.76742923,8.23605954,2968.40616828
-0.94975074,-0.09111226,-0.61934818,-0.49916174,0.39826302,-0.49825060,-1.31617983,-0.71764955,0.00416984,-0.73216692,-0.43427413,-0.23945141,-0.40293455,0.15559542,-0.08291768,-0.77354457,-0.37216082,0.30624912,-0.02564329,0.59875952,-0.14740518,-2.13846153,-1.09741327,-0.83158183,-1.52287726,-0.21547897,-0.48432814,-1.24016127,-2.23726867,-0.19784503,-1.80478187,0.13248979,0.36288520,-0.44284546,-0.89419329,-1.04143219,-0.76452719,-0.64992861,-1.30717524,-0.84070767,-0.82714331,0.57350817,-0.34346319,3.08703009,-1.75760206,0.59832005,0.33007212,1.87942021,1.15095748,2.47292049,-0.72856277,1.31509449,2.79860380,-0.54171175,-1.03257275,0.48772767,0.83094736,0.25911925,-0.71904902,2.00009242,2.51782046,10.69331846,9.14794172,8.59239843,0.92068965,10.41950160,8.28787779,3.43741388,9.41724369,8.90923491,6.34257711,14.13903211,5.80624424,6.60674222,8.26380665,6.12950492,12.86619933,-1.35344648,5.73504348,12.86577068,-3.43098900,-0.78858428,10.36366467,-5.32391453,-5.57047594,20.45592712,-1.23208519,-1.84590624,-6.89501593,2.41593724,21.67485303,-5.32028004,14.53917631,-14.20363864,3.38850954,0.67484925,6.99502660,5.47286402,2.35081404,1.61560162,2573.74461688
-0.22263507,-0.15309482,-0.34181108,-0.64495760,-0.20076948,0.44046207,-0.50029765,0.13757671,-0.66744131,-0.22851205,-1.32396889,-0.20947206,0.15880598,-0.15889376,-0.50927048,0.03485772,-0.39707344,0.23062171,-0.77584532,-0.68782627,-1.22272401,0.20579851,-0.55254897,-0.31333212,-1.34393064,-0.49076601,-0.03570684,-1.05400247,-1.34427803,1.03257352,0.64147317,1.16231963,1.06607789,-0.09089726,0.12953988,0.10056841,0.01550284,-0.23874945,-0.24683922,-0.19031225,-1.91488004,-0.52444115,-4.53504965,-1.72731291,-0.75863332,-3.72883510,-1.49822853,-0.55869314,-0.70654305,-0.95015064,-0.41032015,-2.74144667,-2.67394184,-0.26487002,-0.59089668,-1.51684512,-0.69548390,-0.06162202,-2.59141929,-1.94101988,0.56996663,-5.45268657,0.18921610,5.46356128,-9.98988150,-3.49755378,-1.26522089,-3.12109864,0.02069469,-4.21679058,0.12654349,-2.09678337,1.52933494,7.02233526,6.01477447,-0.76633539,-1.36182977,1.41187086,-3.72859706,-6.92408914,5.64535484,-12.11198243,-6.76024057,1.68309849,11.65899623,12.99815132,8.64581348,-11.63559829,3.29727084,5.44176359,0.69204895,7.80850388,-5.07693652,-10.20283127,-10.43696001,13.43436212,3.33501649,-3.24372031,2.41298654,-4.56712915,2441.99119465
0.90016202,-0.44983632,-0.21549580,-0.11624229,-0.50275489,0.15282118,-0.80868303,0.13197650,-0.41489947,0.47068922,-0.33320621,0.94263610,-0.27084952,0.38445616,-0.28744573,-0.12005161,-0.28868877,-0.57002277,0.12357899,-0.36113169,0.10133746,-4.43524176,-2.73283557,-1.43701019,-0.78824796,-1.48987298,-2.85553986,-0.83253504,-0.24636588,-1.36767418,-1.31786033,-0.34011947,-1.54321677,-0.99748773,-1.92459125,-0.85628455,-0.15364127,-0.01491689,-0.93672335,-1.72963413,-2.19705722,-2.91273320,-2.47475269,-2.68186051,-1.28554309,-2.04964162,-1.97180173,-1.99812373,-2.00587810,-1.84810352,-1.76225216,-1.29226215,-1.30405851,-0.83633924,-0.77065664,-1.59271349,0.62888733,-0.73723214,0.44923147,0.66186613,6.72015456,5.46348867,-2.37345631,8.72428430,9.28308238,10.48838643,8.29083023,2.42977804,6.86621155,7.96431407,7.30037664,1.64464807,5.15485358,6.38072887,5.49629711,6.30705173,2.81213689,4.76924851,-1.18069523,6.61393359,16.06769509,10.77992844,0.40820761,14.31025247,6.70720968,17.23341425,9.29494828,12.29363682,6.99832030,10.25264639,12.27140886,-7.06859598,5.43851340,0.37123004,-0.92261164,12.80716929,2.10505747,5.23852493,-1.56275595,9.73439069,1475.26652456
-0.19708478,0.02930644,0.86686501,0.26587722,0.09506337,0.60542931,0.07209355,-0.05233509,0.14006219,0.54047730,-0.07591501,0.00374857,0.29792029,-0.22258165,-0.02886806,0.44398496,-0.16311270,-0.41779779,0.62063412,0.84732659,-0.46681757,-0.05298632,2.16307213,1.45966507,0.00290789,0.55681304,0.41758420,-0.12363580,0.33999062,-0.95535096,-0.57484718,1.93602356,-0.59277953,0.42062254,0.10142248,0.79658552,0.40328936,0.61835905,0.28730433,1.53137685,1.27370221,-0.76103662,-0.09434396,-0.28750774,0.63262469,-0.01633292,2.86010610,-0.70410489,-1.12067955,-1.61611411,0.42683107,-0.81019413,0.19674565,0.34643568,-0.88714769,2.71504477,1.51411753,-0.69174237,0.30476501,0.00335420,-8.99961694,-3.90897314,-6.72773317,-10.05067774,-5.62597354,-3.65287964,-9.55477214,-7.77338777,-0.48852302,-0.51578829,-2.04024692,-10.20840296,-1.31538322,-3.05072501,-6.29932966,-3.24741834,-5.39120206,-2.84291763,0.48604197,5.28892924,1.71329622,-9.64137809,-5.25940610,-0.17639054,0.82915196,-9.97800854,-5.55816140,-2.72524154,-14.87641796,2.65668630,15.31036181,-8.75749679,-6.46769386,-10.91795877,-7.04428327,-6.78144794,6.52200194,-9.44653110,-6.91229009,-4.82202902,1753.66006085
0.07648257,-0.12667476,0.58152153,0.20080535,-0.38821733,0.61447787,-0.33297205,-0.24371292,-0.21943301,-0.30658796,0.52945309,0.07096769,0.52870526,-0.53484137,-0.31719930,0.56855676,0.05594431,-0.10734138,0.33519883,0.08882681,0.79564286,0.08101242,1.12348586,-0.59589792,0.25889552,-0.77483088,-0.35138709,-0.41908474,-1.31787048,0.63845813,-0.79284814,-0.39758119,0.91541130,0.73185324,-0.53872322,0.54366728,-1.11772359,0.74479614,0.74923448,0.43811504,-1.86679119,-4.22373449,-1.36595837,-1.75119407,-2.17764248,-2.73509849,-2.22966459,-1.41421359,-2.51262013,-1.26612453,-0.20462086,-2.08726170,-0.56324078,-0.26145274,-0.82169762,-3.17245013,-0.45665143,-2.01314712,-3.89237099,0.13278382,-5.75236998,-2.86309833,-4.15077350,-0.02084612,-8.09619602,1.59103932,-0.46703099,-0.82848963,-6.16822213,-0.57332675,-5.91770157,-1.29511103,-0.43194653,-3.39173935,-0.44963148,5.19744875,-0.15486741,1.86460677,-8.69702667,-4.72484521,-2.06015593,-2.05060184,7.36073698,15.62511890,-2.34926064,16.84644723,-13.00291895,-3.01341405,8.89086635,-10.46799685,9.85843641,11.98146823,0.48490597,-5.72714153,10.69633004,-7.44096780,-9.43611122,0.75556955,-11.43321494,-16.94901449,1718.84876906
-0.07079287,-0.60534082,0.19751483,0.87857095,-0.20662848,0.03571543,-0.02758650,0.82620482,0.00094331,-0.44624129,-0.56605698,0.21092025,0.92556162,-0.55928761,0.30975860,-0.64703082,0.05330712,0.24405543,0.74762104,0.06597663,0.67243171,-1.64188851,-0.31489963,0.84228762,-0.34853773,0.60685916,1.25222283,0.43583326,-0.25168133,1.35900014,-0.32953538,0.91700238,-1.48698360,-0.14231927,-1.20766234,0.79065646,-0.15770679,-0.27721523,-0.26256010,0.76208420,0.87680613,1.54167174,-0.54614957,0.33474497,0.22678556,-2.54765127,2.61964461,2.23485108,0.17378776,0.27292338,1.69551868,1.83470226,2.84643271,0.00546505,1.20264180,1.94320517,-0.64353542,2.33055678,1.99508660,0.78251785,-2.59490028,1.83471296,-1.24164732,2.54866310,5.94006030,1.75100280,2.38580606,6.52297473,6.30835829,-3.49251350,-7.60521757,4.98422412,-2.04742360,-0.76735407,1.43403032,2.50799919,1.55668184,-2.83921365,-0.26714520,-0.10147089,-1.79442266,-5.42284365,3.42874349,-10.31535359,2.68852342,4.10334042,11.73437245,-9.72121150,-1.77987497,8.68776017,2.71835978,13.86340842,8.90121393,8.84399634,-6.32413883,-1.62159731,4.35279898,1.95563865,0.88125392,-7.20718501,2326.92948859
0.05535847,-0.25666170,-0.42582682,-0.57404204,0.12550103,-0.55991738,-0.10130211,-0.26463160,-0.52363350,0.11566029,0.40335734,0.52144129,-0.73917407,-0.93081532,-0.63006463,0.52906832,-0.24599114,-0.81456807,0.17414283,0.11415458,-0.78374200,0.49548515,1.27686980,0.44754059,1.51419271,1.27007569,0.25131753,-0.23392493,0.32137975,0.96122252,0.18329488,0.31169964,0.04005804,2.13689963,0.73305758,0.92075657,-0.79267373,0.58883754,1.20231934,1.04461815,2.40760971,0.82486641,0.12331411,0.40743160,1.99811674,-0.36765759,-0.07461662,0.85992058,-0.14983520,0.45351356,0.98783650,0.47268764,-2.94302851,0.74446175,-0.49188712,-2.54791071,3.02326239,-0.00666649,0.99856199,-0.06212981,-0.20896736,-2.79035115,-0.94009125,-1.32454123,3.32986006,-0.48298961,0.91675396,-5.76812615,-1.75130786,-0.29374329,3.39553755,-2.95509496,2.79343458,-6.04609634,-0.83461722,-0.86706869,4.92903211,0.36110342,-2.33857655,-1.61275624,9.16158780,-4.14609164,-10.79365181,12.60931414,-4.95348205,6.69860651,-11.44546680,1.08823820,-4.09365489,7.59498366,0.50459039,-3.83765869,11.35504111,1.54442381,16.38061230,4.52584811,7.11758318,29.42763670,4.15619301,14.42478806,2133.68669087
-0.04681023,-0.22167993,-0.51651426,-0.25874217,0.42642351,0.14862402,0.35742763,0.51543938,-0.14345889,-0.74414915,0.20977856,0.11950511,-0.02456634,0.56639901,0.19948858,-0.35547739,0.85977420,-0.20880347,-1.06784253,-1.05334765,0.96547181,0.67414013,1.65902425,-1.61230763,0.93236339,-0.08547454,1.13271889,-0.33047495,0.14608120,0.68214331,-0.15481700,0.96136563,1.23265655,1.10336027,0.97588304,0.41054636,0.26315823,-0.00468478,0.17163098,1.40347342,-4.50758812,-2.01743416,-3.74738752,-3.40301068,-3.20637148,0.35981260,-1.79974141,-4.22174875,-2.91359181,-1.57761103,-1.15179569,-1.58145248,-2.50470107,-4.34077283,-2.58680540,-2.22118595,-3.49693886,-3.11999024,-2.69205881,-2.35813995,-5.88303119,3.26130614,-2.89313856,-7.94845583,-6.81490988,-4.77593731,-0.71257490,-7.59761359,2.63691096,-3.69605082,-0.92514303,-11.87634028,0.51751307,-2.40379761,-4.85524904,-5.41810452,-7.43274598,-2.67110093,-0.23990698,-10.23606152,24.59259468,11.83577128,-4.47502266,-3.29013123,13.00835275,1.72116198,18.03007516,6.78931096,8.34033432,15.18391949,2.29349093,0.64098331,18.07478017,-0.32112408,10.93475886,-9.26624976,9.96660666,-3.85000019,-2.25248966,-1.65444756,1402.84617982
-0.40939522,-0.55972663,-0.46545199,0.31636822,-0.71013957,-0.44470065,0.16324306,-0.47439926,0.36207357,-0.08183985,0.97370197,-0.17802887,0.25297604,-0.54598072,0.58449040,0.16370703,0.74533272,0.07679568,-0.41075663,-1.03777231,-1.74066467,-1.02076501,-2.19846735,-1.99623062,-0.55966716,-1.70557346,-1.52135967,-1.88758822,-2.31677535,-0.98989444,-0.54861735,-1.54388756,-1.16894758,-2.13902586,-0.10979335,-1.34672285,-2.00179165,-1.05140772,-1.15171927,-2.14692528,-2.22400076,-0.14168907,-0.62383778,-1.31178972,0.11587239,0.07828950,0.20465741,-2.14096923,-0.91169599,-0.54602565,-1.66782327,-1.57613563,-0.67019358,-3.11235143,-0.88919843,-0.09196009,-0.37842499,-0.34971696,-0.56311075,2.42765077,8.81642981,3.65972727,3.60624778,8.30505271,7.76174109,9.42064422,0.65225171,8.77514832,-0.02086969,4.77327730,9.12827267,3.40737184,8.40713301,15.32290376,11.34914553,4.04042377,6.79065178,14.73713862,6.15113589,1.97531499,0.15591098,7.27167771,7.26783992,12.57783073,6.42085088,3.83748406,5.47825825,8.56992480,3.14432605,9.89694017,2.89528117,3.59964201,20.56803163,6.30877012,4.62704733,-4.65298463,-1.97686270,4.20040679,-0.55244410,3.45581965,1945.68088315
0.85745949,0.37514778,-0.54100550,0.25117468,-1.10864085,0.44998132,0.97516601,0.40848530,0.60908477,0.06397641,0.52864657,-0.48148963,0.35590447,-0.57009927,0.45628613,-0.11441201,-0.33705413,0.47700999,0.01534995,0.07746820,1.11556228,-0.57198678,-0.52664209,1.32242549,-1.20239367,-0.53351512,0.53625104,-1.13022545,0.93320890,-0.85250896,-0.39683726,0.35691758,-0.02533110,1.13981145,0.06415324,1.15894987,-0.21937632,-0.02441109,-0.06770046,-1.42457132,0.43899210,0.86502323,-0.11501231,-0.53510027,-0.77851646,0.33806279,-0.20911343,-0.94625857,1.18493415,0.63351001,-1.41799524,-2.04816598,-0.93898239,1.31968194,1.37019077,0.43108129,-0.76436890,-0.46864134,-0.52814549,-0.75078822,-0.68836890,6.30458576,4.08503899,2.19287828,1.14847766,-0.39579741,1.49734299,1.30304054,9.46729508,5.67584970,5.19317818,-2.19857973,-2.81929842,-4.07435451,14.09937349,2.32920703,14.18228791,3.51465081,5.17192298,4.80701880,7.37172877,-0.46622303,-2.88582274,20.03279526,1.35286920,3.84522074,18.21573887,6.78339211,4.09357374,-15.38886461,1.67653354,10.53352856,5.99017879,13.41842313,-4.77729437,11.32238318,18.79379742,11.71101840,3.60866710,14.54680622,1442.50995902
0.19798822,-0.19698443,0.30755728,-0.76020554,-0.03046080,-0.52565721,-0.39817700,-0.03435729,-0.06256945,-0.33524901,-0.46334733,-0.71791245,-0.08547935,-1.09324062,-0.56249859,-0.19286261,-0.28216849,-0.39930117,-0.44401477,-0.01252183,-0.03174741,0.85439655,1.81407148,0.89432205,0.81410699,-0.07915974,0.22789602,1.09692460,0.13104771,-0.46890807,-0.16060453,-0.16125251,0.68626769,-0.50645338,-1.01723079,-0.21805328,-0.36193972,-0.06049918,1.51754548,0.60643537,1.06512204,-0.86759434,1.22209506,1.28887231,1.79084700,0.22975126,1.40039583,1.87150786,3.78202194,1.07316373,1.84360637,1.44629549,1.31283303,0.53212484,0.51091379,2.17660011,0.27489112,1.39716174,0.72240570,-0.21085757,-1.27396107,-1.05200995,-0.79797535,-4.71369017,-1.60569769,2.63933336,-3.05282174,-4.15729814,-1.32634251,-3.56747795,-5.78509160,-1.36429522,1.16410573,-2.39310899,-0.74645286,-0.22634936,2.15550528,4.68390656,-0.14944859,-10.86618601,-8.61322841,5.07290279,-8.56054703,9.71677671,-6.06748970,-2.85607306,1.28316022,-10.98798403,-12.52911820,-17.77144838,-9.32652847,-3.47574759,-0.86372534,-3.15880654,1.83380100,-8.18833306,10.37427676,-3.48895399,-6.17877072,3.22065956,2084.66562286
0.21992805,-0.03291028,-0.60532216,0.38313547,-0.62357605,0.27535476,0.10360732,-0.24840500,0.50381933,-0.05337492,-0.46512089,0.05145474,-0.40167462,-0.05209902,0.25686683,-0.53558185,0.31911073,-0.24809058,0.20130842,0.04988808,1.15024650,-0.70342642,1.58961318,0.64899288,0.93030901,1.05877563,0.66123317,0.87043605,-0.05467533,0.50894681,-0.39696990,-1.35415327,0.99906100,1.43272342,1.41562948,-0.48884843,1.31004722,0.89304609,0.14531652,0.64466695,0.63885682,1.08124397,-0.39067736,1.57456694,-2.02625456,1.55740166,-1.74589817,0.83679311,-2.63939140,-0.75836552,-0.76300475,-0.65084256,2.50373311,-0.85619349,0.05723838,1.09939172,-3.17022275,0.89860744,-0.21044507,0.54338937,-0.06267046,-1.51498701,-1.60417029,-11.60598556,-5.82119802,-10.93370996,-4.89073767,-8.32016735,-0.51598508,-2.19668078,-3.64069355,-9.59180644,-0.89432774,-3.84433432,0.56353287,-10.87598223,-8.36123276,-0.40318724,-5.70728171,-6.51051162,-5.08582535,15.23806805,-6.50112967,-12.45259400,18.57133378,2.74338836,16.33970717,6.45836069,-2.40726948,3.80464387,5.34794373,-4.20328177,22.93414214,11.35649713,5.43796306,15.80069200,0.87051410,-6.80206318,-2.64555088,5.63369125,2046.51048839
-0.54138500,-0.02426326,-0.86880141,-0.35458075,-0.30695580,0.11479675,-0.44569473,-0.13345350,-0.66343963,-0.30350951,-0.02995506,-0.67341350,-0.88716319,-0.00258799,0.23297421,-0.15683078,-0.63202228,-1.22379792,-0.50497088,-0.79785748,2.65424982,0.60453707,-0.69984453,-0.14815314,0.84696393,1.54086158,0.50342370,0.19410063,1.19087668,1.41495445,0.45220013,1.20377691,0.94684000,1.56768152,2.02409161,2.35064827,0.52284482,1.76430125,0.27496087,1.50049642,-1.30701629,-0.86068391,-2.09730237,-2.51478684,-0.25877754,-0.26763535,-2.34555199,-2.39565511,-0.54867450,-1.95006036,-3.53353575,-2.18923878,-1.99071891,-3.37782570,-1.66638538,-4.02391544,-1.91169752,-2.18126120,-1.12197306,-0.16390696,-6.29448023,-6.65580076,-2.97717693,-3.07275839,-6.43114904,-4.13577249,-4.06111293,-4.14509578,-5.30921751,-5.91107059,-6.55332533,-3.12396046,-0.61014660,-1.55477586,-6.32449530,-1.34212027,-9.78232471,-7.51512527,-7.48331202,-9.36816985,-4.14605803,12.10046640,11.96405999,13.09647542,2.57474430,10.51873761,8.17734806,-14.22661942,5.75025888,2.55675361,-12.70336901,12.97311504,6.82041402,-1.08989998,6.76984860,6.77564286,20.85973522,-0.35178799,1.62979845,2.98618047,1895.39164632
0.47961121,0.51435990,0.95854517,0.59996807,0.81292750,-0.00932685,1.06992801,0.37173136,0.13285848,0.17252120,0.44617986,0.40141405,0.21778252,-0.01992965,-0.44530251,1.24407600,0.22942163,0.10029559,0.25704549,-0.60714082,0.71280725,-0.26742464,-1.13194596,-1.56548059,-0.36379983,-0.01281583,0.70601481,-0.44674266,0.16960367,-1.08926548,0.94444216,1.07825869,-2.18777640,0.36658599,-0.93215125,-1.36863512,-1.46212643,-0.61091603,0.08766213,-0.89005058,0.73421737,-1.16297421,0.55235117,0.40334166,-0.14489237,-0.42500314,-0.43901661,-0.45878484,0.36361942,-1.17955421,-0.70118088,0.36703635,-0.97852013,-0.51299770,0.10457708,0.53452085,0.90602239,-0.23468676,0.41649715,1.65593745,-9.23870321,-2.94640949,-3.96980460,-0.77482977,1.16039180,2.49011468,0.18699134,-3.20332052,-3.17770426,-2.35959286,-6.43700389,-2.51756444,-3.62073349,-0.11450325,-8.99448999,-6.75417401,-0.52335342,-4.09027126,-4.77253638,-4.04410041,-2.70088080,-6.47056765,1.63660793,11.01663884,-7.90515073,-14.41719003,-7.04479080,16.39043890,-3.71709166,-0.85254449,1.33141957,-0.29915436,-3.42289786,-2.33063727,-10.64504845,3.49579338,2.12653957,2.05934869,3.75980076,1.17814732,1313.80569502
0.41686853,0.58469639,-0.07740385,0.70814028,0.15338350,0.17639223,1.06697949,-0.06106020,0.24407685,0.06607708,0.71564934,1.01736618,0.92767669,0.90071615,0.56337646,-0.11379639,0.22561396,0.39941012,0.07195960,-0.09981061,1.77308216,0.19849637,1.49878141,-0.13548446,1.06360534,1.27815464,0.72862460,-1.04233296,-0.31665843,-0.04018211,1.05711156,-1.38301727,-0.66727260,0.04180765,-0.24378836,0.04538909,0.71710648,-1.82780726,1.70063145,-1.25885903,2.62928235,0.43489769,1.00103072,2.09424996,2.40222440,4.93903816,1.67263516,2.26217307,4.10443227,1.24140902,3.64325142,0.24676174,1.02020446,2.08041495,2.70135470,3.38237191,2.31661236,1.02751369,2.19223861,0.98805568,-2.09161949,-6.95506739,-4.85425069,-10.66804822,4.78309886,2.81978614,-2.97737581,-3.83822707,-3.19008846,3.69760672,-7.86222671,-2.40671887,-3.59333472,-3.95502644,-4.27892657,-1.27035705,-4.87604643,-9.31775172,-9.73378602,-6.67661481,7.13283068,-0.41342344,-0.16977297,2.69966731,-22.00037106,-7.25103993,-17.98463962,-2.48715057,12.25629502,-9.09780071,-0.51043276,3.35278141,13.45059400,-4.21621792,4.30966125,-4.37437291,10.61200178,-8.32469361,8.59241250,-9.86485234,2001.77643691
0.52322324,0.18834852,0.60482714,0.51642921,0.28789132,0.27511458,0.33441538,0.21860949,-0.59975674,0.68826926,0.59494292,-0.94714037,0.15919773,1.02083798,0.13344136,0.74813634,0.01820449,0.30095385,0.92696932,-0.05062849,0.94046491,1.13820090,0.04611112,-0.81262258,0.82833628,1.18688564,-0.11599362,1.19691261,0.10106859,0.74940152,1.02425327,-0.16132619,0.79017829,0.50684895,1.39365399,0.35390917,-1.16800193,1.30042269,0.33141214,2.03107572,-0.82708006,-0.04303762,-0.22520528,-1.66067406,-0.54355948,-2.50462590,-2.32320992,-1.35344842,-1.53083367,-0.91472763,-0.23642642,-0.90171746,-2.03852943,-2.03756525,-0.28723195,-1.82227195,-0.54926412,-0.19934371,-2.50827132,0.53787267,-0.19341385,-4.01716186,7.94173927,-2.56352678,-1.95649259,-0.81809656,-7.30494714,-4.42613456,2.18707335,-3.23976096,-6.45170479,3.85376084,-8.36011285,-1.48304546,0.10859573,1.92992383,-3.58111785,-2.54567330,-5.04438340,-1.33301843,-17.60073968,-15.74432428,-1.40799370,-12.23196258,-2.62106993,-6.99377338,12.98354419,-15.95938575,10.87121869,-23.46684971,-8.78089559,10.76271206,-10.87908478,-9.50290883,1.77125250,-15.03395493,-12.90289690,3.01869217,2.45260262,-2.46111356,1629.91683739
-0.18123898,-0.09244625,-0.25851644,0.33863326,0.64666013,-0.23730753,0.63654205,-0.22350092,0.99913539,0.36944563,0.84355923,0.23607262,0.79977685,0.44600086,-0.10487291,-0.05366596,0.58388478,0.81726758,0.07473897,-0.00934440,-0.19237131,1.17738685,-0.92732124,0.86931687,-0.27333876,1.30042513,0.85843998,0.63542573,-0.80994463,0.11821323,0.80360341,0.77478269,0.57412979,-0.43182318,0.36356071,1.43123423,-1.10664015,1.86297411,1.27294044,1.12018418,-3.79017550,-1.31324402,-1.79857099,0.06350152,-1.46459710,-2.52990243,-1.59475926,-3.87718986,-2.48251591,-3.09562404,-3.37980684,-1.00228070,-0.08734783,-4.01655223,-0.23744411,-0.44597914,-1.42206092,-1.97392070,-2.15741752,-3.41697635,4.20339239,2.36494030,-2.14446470,6.07117502,-1.29467447,-0.76418507,-3.68095459,-1.92864089,-4.32227932,-4.01391236,2.72461145,1.54267201,1.36078629,1.37036622,1.21475512,-6.03540938,-6.26274729,-1.22674707,4.29401780,-1.09025857,16.57201118,4.94118637,13.57475902,9.36352406,-8.00012158,5.92597535,0.11653362,12.57581922,22.18497957,7.05710369,2.87137152,1.96142238,3.85123256,5.34773776,16.94040999,10.88439389,-2.45928942,21.70266032,14.58306673,15.78521526,1558.61602731
0.06302065,-0.18473189,-0.82045476,0.22707417,-0.81951295,0.21819807,-0.12652104,0.93046054,0.95270208,-0.35369215,-0.00782661,0.48970263,0.34979984,0.09953318,0.11430232,-0.94403659,0.34339827,-0.11188405,-0.40134377,-0.36866049,-0.01868731,-0.08773206,-0.50550496,-0.17575789,1.54984078,-0.32808172,0.68281178,-0.45220745,-0.93603139,-0.58681123,-1.13981188,0.04393283,0.49933471,-0.29011730,-0.12168036,0.05390831,-0.06100366,-0.97213982,-0.39737708,-1.69900843,0.15041020,2.91538838,-1.26088967,1.48853736,-0.42464128,-0.81679066,3.02425017,0.58472480,2.28801215,-0.29434805,1.23468428,0.59389379,-0.96592791,-0.04633655,-0.14188914,-0.67668465,-2.69507267,1.58044286,-0.23539008,1.79571756,-0.26530152,5.69879072,3.48595302,0.47201169,-1.98389069,2.68947694,4.84326172,2.22706370,4.78481938,1.88030898,-4.14539518,-0.58061306,-0.83433348,1.57062795,1.57363124,-1.69110271,3.37331838,4.21366189,-2.68680767,5.24255682,-16.67062026,4.87701400,-21.68322819,-5.49878925,-17.60529204,-5.97800181,-6.39363086,-9.52495106,-13.18479839,-9.91863140,-14.95632349,-3.26785148,-10.27038854,-30.34776383,-9.47581237,-2.38964259,-10.72267887,-6.91764192,-9.96115728,-8.27019189,2327.70263686
-0.22848409,0.48178641,-0.57636188,0.10570824,-0.21485591,0.04747688,-0.71996757,0.25834524,0.68502490,0.13562370,0.74831277,0.15617786,0.45856217,-0.05435160,-0.67804459,-0.04203241,0.65305142,-0.41871241,-0.13520908,0.02554538,-0.89285614,-0.04222370,-1.58474562,1.30095366,-0.42322827,0.59065982,0.81051749,-0.00152199,-0.87697903,0.11443815,-0.62325479,0.21430813,0.33389369,0.15060577,0.12684027,1.43793004,-1.81659484,0.22442873,-0.55479975,-0.81314243,-4.44376939,-3.83467171,-4.81331996,-5.63969002,-3.76191398,-3.94547762,-5.97070459,-2.94801101,-4.90565060,-4.03756937,-3.32252684,-3.47372723,-1.20681631,-3.89792133,-6.85060488,-3.61701600,-3.46246177,-2.98550010,-5.10739385,-4.11634534,1.79234826,0.03097020,-0.02841361,-0.53080217,1.24958453,-4.64067378,3.16313750,-5.61430324,-2.85280813,-0.33850083,1.70743028,-1.83760459,-0.74306000,2.95987269,-5.84693751,-0.86018057,3.06048214,-2.22208430,5.43707540,-5.39616907,3.21181823,9.26260304,-1.01405988,-6.13805988,-11.52321326,6.82870877,8.18316291,-2.56129396,-15.70598271,3.97381338,-7.59461374,4.58037945,-11.57547774,-9.97770792,-7.34336261,-0.77476579,-5.16775772,6.26321232,-6.60537633,-4.77691391,2050.98436217
0.04673534,-0.01612580,-0.53517646,-0.37070027,-0.00175287,0.38633518,0.13904943,0.12851840,0.24098657,-0.72946325,0.59150516,-0.20453620,0.29054949,1.14793488,0.40348582,0.16756041,-0.53949316,0.16760209,-0.75115833,-0.25236030,-1.43725934,0.14740743,1.04389902,-1.57323593,1.57263007,-0.61604947,-0.21198323,0.11289131,0.12650469,0.95182511,0.35613362,-0.19198549,0.52583509,1.51181356,-0.41584514,-0.00687340,0.95021640,0.90193914,-0.73880186,-0.49747304,0.30249957,0.20148717,1.01744565,-3.42193769,-2.37379504,-1.19822528,-0.73583468,-2.17671423,-3.61700050,-2.44236917,-3.04083597,-3.07520842,-1.24536975,-1.54430723,-0.74611740,-1.40737647,-0.17109999,0.14682750,-1.00694184,-1.71277889,6.11960168,-1.06407716,0.52003236,7.30093149,-3.91437360,1.05960470,-5.82213938,3.14644957,-1.81927791,4.29058553,3.02841408,6.24916933,-0.91356515,-2.68250898,3.13241146,0.70133330,1.86551314,1.77597826,0.26994402,-2.92847585,-2.54699250,4.18160973,17.69134627,18.17665867,9.51378044,-14.85634678,15.48381188,7.13873811,-5.58546067,1.44723923,2.81216605,-1.25803002,4.52583923,11.27546263,-2.75209778,5.09373286,3.73593163,-10.24015315,6.15962362,10.18004103,2665.69415790
-0.02596146,0.03391022,0.78340114,-0.64767696,-0.16296290,-0.20973325,0.26295996,-0.01436127,-0.19004779,0.07406223,-0.54837122,0.23277503,-0.20096574,0.09975095,0.61381777,0.73792192,-0.27704030,0.19954409,1.12280208,-0.74461971,0.45631778,1.11856249,-0.20487311,-0.19209427,0.65669566,0.97024276,0.73198496,-0.47733182,0.16820595,0.22610271,-0.23381286,1.12791795,-0.66117890,0.47273185,2.29905925,-0.07852616,-0.31607525,1.27228332,1.06484650,0.29441249,-0.58943299,-1.06011972,-1.10267470,-2.08746794,-2.49518321,-2.34750134,-1.43497744,-0.45526599,-2.18213825,-0.94577674,0.38307307,-2.34211720,-0.34365008,-1.63371435,-2.64836667,-3.91792658,-2.93090735,0.37121697,-2.86952064,-2.60063350,8.83175565,5.25944543,13.18995772,11.16317541,5.63105035,10.30602622,4.02650800,4.65829274,9.66207116,0.74633541,3.81640444,7.14715169,-2.22851916,5.60922158,7.20232468,0.42827962,4.13158558,4.62684875,0.30368207,8.55942218,-1.13894609,-1.78437749,-7.66278484,9.16471124,6.28299421,-1.91744100,13.29331015,18.92382713,2.88944737,8.14374785,9.04655931,7.21378722,15.61158241,9.19747555,11.77539990,0.51907387,6.31763864,-0.11112614,15.42744157,4.66471775,2162.66530003
-0.68815344,-0.32005725,-0.36216437,-0.08136939,0.33647910,0.27373803,-0.21968099,-0.46581672,-0.95181386,-0.76852179,-0.44378323,0.28335906,-0.42319615,0.01199933,-1.15012679,-0.17583533,-0.26904034,-0.06604519,0.07631555,-0.66417783,-1.73578979,0.70725219,-0.71008071,-1.05787614,-0.69792088,-0.23585853,-0.09587205,-0.40874025,-0.68848969,-0.36127400,0.68591359,0.87445224,0.16990645,-0.04756543,-0.64300537,0.81409018,-0.53064106,-0.78412714,0.67776546,1.26448384,-0.52466722,0.25639266,1.38957181,0.00932138,-1.79620963,0.63022475,1.68829012,-0.36777058,0.24656177,0.17921514,-0.57921875,1.02209925,-0.20897159,0.62090898,-0.97469351,1.54803120,1.70497417,-0.79573453,0.45769865,-0.67722581,-5.06518668,-8.40245906,-6.22566022,-7.50559234,-2.51442899,-6.55731143,-5.41437189,-7.98017552,-5.55512669,-6.23043145,-3.15162333,-5.36002758,-3.11532298,-10.64632337,-5.17915952,-2.27581325,-5.76029245,-3.50144383,-7.42402094,-5.75774651,27.39071709,11.63250502,-25.76868302,10.22583536,10.68490754,11.21397618,-3.25958938,-17.86261230,7.06482454,28.85104135,0.99786280,2.05627726,-1.76203941,0.25260000,17.79775756,-4.05344213,-1.29295691,-2.91874017,3.84616526,-2.23680146,2237.39706314
-0.45163321,-0.58958146,0.45337657,0.41927603,0.58454711,0.03141129,-0.00704480,-0.32341798,-1.35472653,-0.31672217,-0.08357484,0.00062376,0.45694301,-0.37820504,0.34015512,-0.26099552,0.56723895,0.31018129,0.32965694,-0.09513474,1.11776127,-0.43321990,-0.63995969,0.72914480,0.05465370,1.09259311,0.28025296,1.95879205,1.12210473,0.46458641,0.28324964,-0.31110416,1.90077012,-0.32860818,-1.10854060,-0.76078149,0.11970783,-2.53735637,-0.05690295,-0.40306973,1.65460461,4.11938885,-0.08384935,1.49796651,-0.55403690,-0.37176906,0.37472551,0.46525297,1.76916778,1.72594873,1.98737870,1.39707303,0.45893596,0.86311544,2.70286134,4.44826526,1.68833552,0.46373973,1.59301791,1.08037424,-7.11107973,-4.39622592,-5.41115714,-2.11968565,-6.08711516,-12.78242669,-3.36317561,-3.77378821,-9.02672449,-2.15594657,-6.15669352,4.51009869,1.57649787,-2.41052572,-9.21214563,-6.83955476,-3.98580484,-5.85472463,-11.16469763,-5.28679725,-1.80277560,-9.24591026,-0.65691334,-5.25314756,-23.29946435,-12.39329148,2.77627440,-11.33934323,8.80116597,-2.72189853,8.92297454,8.72045890,-1.80796869,5.91451788,3.55169906,4.52553585,-13.46720443,0.62769278,-22.20216305,-0.41972332,2192.15953258
1.18522565,-0.10474991,-0.77401773,-0.32147806,-0.40214389,-0.28268987,0.44287413,-0.32023978,-0.51534199,-0.60572549,-0.13514159,0.09853976,0.43416780,0.03854830,0.94370900,1.01289936,-0.04764340,-0.15702870,-0.47263544,-0.02823493,0.68770825,0.01893745,0.18302735,0.69441759,1.18278277,-0.43595618,-0.21357763,1.06060037,0.57819629,0.54527534,0.08646284,0.35169800,-0.53581810,0.16206294,-0.70007912,0.38296278,1.25303591,0.86470995,-0.14653344,0.08376855,0.59756328,-1.44686222,1.40447527,-0.41705995,2.23655401,0.77435126,1.97163312,-1.23727203,-0.61614374,-0.45013055,-0.72400000,0.34143198,-1.46445522,-0.15147260,0.51338711,-1.52927263,0.19580013,-2.05954481,-0.76928041,1.17693874,7.28142412,-1.49308256,0.18058117,8.28117946,11.16776553,4.77768056,2.34216788,5.75616366,6.15072662,1.09714118,3.31708405,6.84942851,-3.44156014,-2.45229745,4.72032453,5.35952063,6.08545632,1.42063415,6.91200425,4.60467563,-3.05616344,-13.27042271,-1.48031083,8.81149566,-13.94457681,-17.60282069,2.03639503,-17.10994869,-6.03789831,-5.81940177,-8.50369164,-10.47606708,-10.58332368,2.48728160,9.82120494,-7.47250845,-14.02909926,-11.59629888,-6.10439588,-2.61116935,2252.64397643
0.43893280,0.23002159,-0.04843768,0.23823446,0.30474766,0.52566492,0.46790036,0.73748261,0.11443902,-0.12785457,-0.04712659,0.11047524,0.46094430,0.68699763,0.23295914,-0.49045796,0.83774907,-0.09354223,0.52951602,0.65519709,-0.45731174,0.12854516,0.47353255,-0.40514197,-0.44648660,0.66671105,-0.28873152,-0.79387314,-0.51533253,2.30886813,-1.07486282,-0.92819554,0.44231079,-0.01014724,0.08383024,-2.52251037,1.19032501,0.50161495,0.16996710,-0.79616778,0.65151674,-0.80807745,1.51614820,1.54588964,-1.58272464,1.07423053,-0.07019134,0.28872896,2.56165912,2.50308233,2.12900207,0.51512377,1.81753135,1.85104573,1.64031320,1.72927451,0.93850095,0.83728940,-0.06248284,0.85460304,-1.35384569,-0.75892674,-7.39088061,-1.70453571,-1.51100931,-6.20112922,-6.33416055,0.86596673,-4.32147713,-2.65266238,-1.06042430,-2.86356690,-1.55077338,-2.86451692,-5.07754653,2.32928874,-2.70370502,3.66401491,-7.40644224,-8.20806536,-8.75666320,2.14913752,6.07797500,-1.16644657,6.71437076,-6.04095069,-10.85585295,-11.96704839,-6.32618543,-7.57006819,-10.27686180,3.93991156,-13.74795129,8.21543061,7.37431428,10.76684037,17.24997537,4.70206235,-3.57890273,-0.87995696,2196.35148156
1.12146316,-0.12173610,-0.49770860,0.78552368,-0.16609182,0.93055567,0.36938912,-0.01089097,-0.12636285,-0.24870300,-0.15509667,0.16177484,0.34954986,0.08914870,-0.74357535,0.37543280,0.18983413,0.48210207,0.42916703,-0.41511754,1.76708960,-0.96406625,1.04005294,-0.16506065,0.41616834,0.07117443,0.15905090,-0.38840132,-0.30469082,0.34755664,1.65473398,-1.99475671,-0.49253878,0.83418458,-0.09532394,1.77195510,1.18907296,-1.38650927,-0.47741751,1.14146942,0.58611287,0.55846172,-1.35766183,0.80896040,-0.98839895,0.19339662,-0.29546756,1.19252893,-0.40373636,1.11481039,0.90774811,-0.26062072,0.21274980,-0.53789342,1.82148856,-1.67938133,1.70406188,1.04961763,-0.20918379,0.01179368,5.19892585,7.40291524,5.54326642,6.08460936,5.24018860,6.15018540,9.04726304,10.52607316,-0.11149024,6.63255653,7.16340515,5.36621302,4.78578621,5.95822986,4.07693987,8.50985087,8.73491139,13.47125086,6.47397035,0.61140597,-10.29498354,-11.49973775,-4.98036736,1.83119387,-18.40070800,-27.13187525,7.33368032,-7.76304773,-0.75799548,-4.61603856,-8.52529995,0.06934334,-2.93053876,3.17743078,2.25836948,-1.07758060,-3.07103937,-19.81324433,-6.84818405,0.81964251,2480.56038249
-0.45480123,-0.59990312,-0.75898056,0.19632278,-0.78381725,0.17399099,-1.04783381,-0.69618632,0.25786580,-0.62611731,-0.69412069,0.08668205,-0.56293734,0.12665507,-0.42955490,-0.42901191,0.01685827,-1.10073055,-0.01501848,0.45839431,0.86067954,0.18459756,-1.03170460,-0.33963128,-0.63198558,0.17671805,-0.18561788,0.03499917,-0.51769318,-0.61651120,0.41400493,1.51541440,-1.14678569,-0.91109520,0.92224482,0.17396930,-0.29184069,-0.07355488,-0.93340113,-1.55670770,-0.32498612,-1.93139693,0.22281033,-0.33213633,-1.58174921,-0.58698199,-0.02934677,-0.92472861,1.80284737,-0.01337584,0.10496770,-0.16494428,-0.86262853,0.88705573,-0.52868584,-0.86420182,-1.81053807,-0.51227589,-0.21998608,-2.68181408,5.33825171,9.01860766,-0.73652161,7.51771861,8.47285429,-2.20701458,8.52966690,-2.39634347,8.96609905,9.08757657,8.38334868,6.00973995,0.83234603,7.87355271,8.28345137,3.74225549,9.17828751,4.78858477,9.03306320,4.89047077,6.87376192,7.49608243,10.88633510,-0.96627447,-4.97448838,-11.06367131,0.29915476,12.72136184,-8.02894323,0.64003678,17.12331549,-2.66783903,16.26506646,11.78101509,14.28907101,14.87780591,-14.02258394,14.34701828,-7.01788196,0.12732926,2057.12848353
-0.69262962,-0.13960533,0.80688738,-0.13640268,-0.66436528,0.63023536,-0.07090149,-0.48906505,-0.44368940,-0.13459521,-0.02410539,0.36922057,0.21658827,0.28491377,0.36945309,-0.31532581,0.84818582,-0.21403079,-0.38380187,0.03596238,0.29445089,-1.69156682,-0.33300258,0.37532979,-0.99310504,-0.90743172,0.93471574,-0.15061643,-0.54562091,-0.29994192,-1.59858476,2.17347090,-0.39308910,-0.59192467,-0.42567520,0.57226330,-2.17525520,-0.39683813,-0.39538797,1.49669890,2.02730010,0.74698396,-0.37492825,-0.70220779,0.94664199,-0.26642838,-0.74157301,0.55326540,0.03894327,-1.18691956,0.58397856,0.33305302,0.26876819,-1.17136225,-0.88190458,-0.68697327,1.53275911,0.35458145,0.25720545,-1.92327660,-8.45580666,2.64294834,0.01532290,-9.23089178,-9.05420509,-0.39078452,1.49290118,2.58642096,0.10073289,-4.16121594,-0.20517214,3.38693545,-9.85531541,3.13360807,-4.70926620,-9.21127658,0.93334277,-4.76039398,0.64778579,-5.13394014,-29.43446292,-12.95124590,-2.18423296,-35.32332347,-5.20533864,2.30989704,-6.48612787,-18.44569034,3.67425424,-1.76065166,11.50858334,-19.50281263,8.29439833,-17.15306216,-10.55895019,-7.95720931,-3.53918417,-5.25094376,-17.16627264,-3.06847510,2032.11347626
1.05098138,1.23205513,0.82257953,0.10761805,0.82189502,0.35861617,0.39705516,-0.11485775,-0.32840621,0.65885591,0.47124157,0.15639114,0.50020504,0.23013696,0.02396500,0.58475577,-0.19219893,0.45643725,-0.05044980,0.10081852,0.14362641,0.13058418,0.83385942,0.03661929,1.11614045,-0.89295414,-0.30884322,0.94927434,-0.02087783,0.76574125,-1.64468727,-0.58555802,2.17788556,0.80116047,-0.36404787,-1.53345456,-0.11141260,-1.15030932,0.72324128,1.04059299,-0.83457192,-1.60226391,-1.12267057,-1.53800234,-2.13843164,-2.08627986,-0.36569582,-1.49935921,-3.87947292,-3.66908327,-2.71349595,-0.16365041,-3.21551458,-2.46434107,-2.45702952,-3.29960574,-0.39027520,-0.81125544,-1.81184729,-2.68169606,4.84794374,1.71278877,1.04708053,0.03555278,0.78454145,-6.82124829,6.28885409,2.41934208,4.47973145,0.57105719,0.48776365,-4.34046366,0.07754812,1.88231438,2.74521612,3.89712959,-0.32307870,0.54087401,1.76717058,0.94867071,6.77834742,15.23419983,11.82741900,2.75662371,11.84592345,-16.67525030,22.86541641,4.31438102,8.83442852,13.62286112,-1.25717913,-7.94668791,-3.05590104,-1.56937556,12.79835377,3.83718021,5.48499061,10.18563834,0.00213776,-3.65829279,1805.15982370
0.17197713,0.33272565,-0.09786931,-0.39066690,0.17227253,0.43219553,0.10584902,0.84035396,1.34823014,0.97867840,0.81993993,-0.38867433,0.36792395,0.52037539,0.73368989,0.12090675,-0.29400239,0.88549502,0.24199824,-0.29176097,-0.97476354,0.26123040,-1.80303942,1.00690318,-0.12099470,-1.58184669,-0.76898676,-0.38613227,-0.63600630,-0.24789354,-0.97859586,-0.08306856,-1.09042876,-1.06762281,-2.14598475,0.04671354,-2.10957737,-0.60249470,-0.55849290,-2.02161612,-0.03006315,-0.90707921,0.87934293,0.34834961,-2.64952812,0.61052131,0.22142818,0.05411586,-3.69327856,1.87980049,1.07383740,-1.11541772,-2.69109585,-1.45406664,1.78318586,2.10132855,0.44751530,-1.22061776,3.53406784,-1.47447588,-8.59440687,0.46018770,-3.50532497,-6.61910934,-2.35277461,-0.20444158,0.35432399,1.50280920,1.69127175,-0.39934419,-5.64421462,0.01213537,7.30043770,-6.51974552,-3.38441847,-4.44567834,-7.74042584,-0.33597359,1.77150802,-2.13208488,-4.80413931,-2.89809329,-0.54055011,5.38985211,-7.26125568,2.27110008,0.55806225,-4.64834113,10.13209455,-4.90449800,3.35261223,-25.09528115,7.29134113,-8.31253479,10.64528324,-3.60058582,-12.16736363,-2.13595367,-10.80694550,-1.66222094,1480.32086840
-0.28035314,0.61287567,0.11597877,0.23657143,-0.12177431,-0.40018663,-0.24083664,0.38719120,0.28796193,0.33774229,0.18195351,0.69839092,-0.18666388,-0.07466446,-0.35357722,0.26760326,-0.56645271,0.76262044,0.36376230,-0.39013051,-0.60388673,0.43543591,-0.50008641,0.28321071,-0.21034907,0.11429793,-0.97406964,0.61019259,0.32150978,-1.37000039,1.20053312,0.99543400,1.37487044,0.05289381,1.10618616,-0.31444711,-0.41011795,0.89999255,-0.36887612,-0.42374504,-1.65897352,-3.79236680,-0.35792702,-1.69277164,-1.95879166,-0.70807160,-0.50533606,-1.56061549,-2.97490216,-2.30863767,-3.80340368,-1.73608148,-1.50529307,0.17949830,-2.49825824,-1.45723367,-2.18763266,-2.12046422,-1.72363387,-2.47153344,1.31099258,0.18967184,-0.25941225,1.67862812,4.82651999,0.37949736,-4.11525393,3.97580120,3.18045117,-3.73655341,7.93647981,0.86012027,4.92317027,2.59645201,5.19116910,1.76267123,-1.91865405,1.41683269,3.63766333,-3.69179744,9.12061165,5.23462184,-3.02183945,1.24054232,10.55038216,-1.42957406,-1.39823629,19.73760324,-6.51579355,2.85047748,17.72174973,-6.71057008,7.04041673,0.20649362,-8.98941986,8.28342018,9.55255109,3.69319119,12.68898734,11.66173671,1552.18499260
0.49116757,0.44411065,-0.38289421,-0.00456484,-0.05738465,0.55180129,-0.43887687,0.01613249,-0.01992045,-0.56103303,0.32227618,-0.23904686,0.11787779,0.08182392,-0.22644349,-0.16565336,0.10036706,-0.19418953,0.27680722,0.37270802,-0.54866763,-1.86760771,-1.38853183,0.93213363,0.06320901,-1.50263627,-0.58993901,-1.01195179,1.14273290,0.66903816,-0.00470561,-0.44693699,-0.29532976,-1.61632843,-1.79092399,1.01812944,-2.05635113,0.16873214,0.38988421,0.66342145,1.84960443,1.14735889,0.77035701,0.67281596,0.80871341,1.35829887,-0.68732484,0.77390262,0.98369798,0.30420761,1.32011566,-1.18055707,0.25523355,0.41932045,0.71607095,-0.16046212,-0.75688464,0.51453850,0.12593522,-0.28199088,-0.18235250,-9.22112545,-12.95146983,0.99694522,-2.53634572,1.14583727,-1.73365812,-5.28767841,-6.79581371,6.66967957,-2.04529882,1.59868988,-1.06255395,-5.65381358,4.71044105,-3.91793291,-7.97035016,-1.98852086,-2.82315136,-0.91514968,-6.07445568,9.53381466,-10.40538222,-7.93566840,12.93394561,-2.18782743,-5.53691954,2.75117999,-7.17158373,-1.12746460,5.18574944,4.55874925,-4.31436842,6.96508950,15.77710304,4.64051874,-10.01960732,8.68696589,7.07408076,5.93560524,2382.81337134
0.50475025,-0.67809078,0.52168707,0.23639078,-0.12784593,-0.56906727,0.68907876,-0.02327646,-0.43796361,-0.54164410,-0.10616919,-0.23100048,0.12200138,1.09456003,-0.26602480,0.03535934,-0.30752974,-0.28029547,0.31748435,-0.54236203,0.27353546,0.55095514,0.42782086,0.40356551,0.22662704,0.05493700,1.04201147,-0.09023273,1.18962308,0.42568883,-0.61060618,1.13118611,0.62311724,0.35405764,1.23351457,-0.00387901,0.52413802,0.88965241,0.28303852,2.05104291,-0.27505009,0.80376265,-1.18255376,-1.99324453,-2.66170332,-0.51134567,1.85656438,-0.12801874,2.29459130,-0.51541637,-0.03985197,0.22324360,1.44044826,-0.10716911,1.59309404,3.26418861,1.64609918,2.01870031,-0.47049822,0.33408723,-0.72919547,-9.42874772,-5.08574458,-6.61243223,-5.93760036,-2.69706300,-2.84526994,-7.21149163,-0.68365155,-6.45922108,-3.18213746,-0.04730609,-2.74733420,-6.88853844,-5.70675539,3.66083778,-0.66344300,-1.28666173,-9.23338811,-5.27419251,-10.77094978,-7.96343159,7.45080228,-3.98716138,-8.61474302,-13.40130765,-5.66167532,0.39083058,11.24643587,-5.47430518,-6.61243958,14.32475188,13.34505291,-5.44741516,-6.13068833,11.57817476,-5.44656694,2.15751449,3.92072965,6.11110604,1957.71930881
0.08628475,-0.43642915,-0.41483052,-1.03757326,-0.32761785,-0.30022048,-0.32827886,0.05779984,-0.68828699,-0.46922698,-0.58899169,-0.35405401,0.12145092,-1.13135090,0.07630962,-0.56514377,0.04520690,-0.72745507,-0.77201621,0.56291863,-0.56381785,1.56086133,0.66862689,0.25311563,0.28175581,0.18261731,0.41010028,-0.49549280,-0.07993277,-0.33061258,0.33231403,0.77567289,2.10225903,-0.42459814,-0.73129271,-0.26407430,-1.72418979,0.45255522,0.34005257,1.37821872,1.42181725,0.82614840,1.01659087,-1.28741777,4.49236891,1.79385302,1.48187728,0.58073449,2.08394663,-1.31313117,0.93034541,1.98704455,0.46231799,-0.35784475,0.10282998,2.64031222,1.92735551,1.70198925,1.98802607,-1.16328603,3.03774306,4.63314396,14.56513077,10.77197150,8.62700820,1.88160355,6.99412977,9.02014791,3.52628840,7.67675260,5.93170553,11.02576654,5.95147139,10.21877180,1.66688274,1.06950127,4.25090013,-0.95434420,4.30753917,3.82887396,7.84443227,4.61423403,12.21696523,13.59780051,4.99940337,11.44092997,14.80254615,-2.69368915,0.10497171,11.71622011,7.94811146,1.40156898,-1.07881981,-6.21094359,12.21501464,-3.51788385,6.88235359,2.23617010,17.10186115,6.36792577,2055.49080260
-0.32972367,-1.05711010,0.62465906,-0.60356796,-0.73443692,-1.16740837,-0.44061118,-0.77580578,0.04709107,-0.56374535,0.22752404,-0.62855734,-0.58374135,0.42390737,0.06482607,-0.26004740,-0.18362085,-0.22728417,-1.09694776,0.23365795,-2.04310785,-0.70464653,-1.42758082,-1.57967816,-2.00484560,-1.34643313,-0.74243530,-1.99295398,-1.40883205,-1.69621376,-1.78071616,-1.18376686,-1.36790027,-2.71410701,-0.26091965,-2.40243176,0.38824906,-2.26248589,-0.73538749,-0.41903883,0.84597130,0.97045413,1.20343289,-0.30358353,1.33043151,2.15802530,0.10718745,0.98634934,1.14788504,0.58875282,2.45656322,1.90312841,1.49387409,0.84408245,1.16546885,0.02645960,0.74367386,1.47938420,3.12898862,1.48839090,-3.08909744,-2.30220564,3.60067262,1.03179561,-1.38696824,-2.21241160,-4.44485191,-3.51788772,3.04327783,-1.98485168,2.35529702,-1.46604589,-0.93244723,2.60969095,-1.44053386,-4.98535044,-2.06823631,0.69784828,2.59573766,0.05114852,-8.29731856,-11.51042177,11.04107058,-20.81890992,0.15309870,5.31339041,3.56097552,-3.52480820,-13.30157795,-2.77703932,-0.77715345,-5.19631333,2.47754215,-1.95624349,-9.65081278,-32.53744819,9.29837693,-8.63347279,7.06520181,4.13571429,1845.73618536
-0.80767369,-0.33909331,-0.32127034,-0.43934627,-0.17565131,-0.67637008,-0.41976506,-0.25040437,-0.73898503,0.50019424,-0.65703305,-0.70686829,-0.38969531,0.00793205,0.55633614,-0.08226242,-0.33352875,-0.22760012,-0.93376318,-0.64878086,0.29686018,0.32083335,0.54789390,0.89437950,0.68415442,1.58258364,2.58951913,-0.68447495,1.40211053,0.57485559,0.41160187,0.87506091,1.93100617,1.12658044,2.07028143,1.26621416,0.78833739,2.47376885,1.41461565,0.97486674,1.84571478,0.61419050,2.00479077,0.27733522,0.86930109,0.62466029,0.60869303,1.21641850,0.86941285,0.05134958,1.31015429,0.98762544,0.63400044,2.53732968,1.39677056,0.77645151,3.02704951,0.28210832,0.76433492,0.04988901,-3.43426826,1.02858763,1.05487869,1.67348991,-2.54403327,-1.32396871,0.45988114,-7.69647746,0.74160263,-0.66909573,-0.21274917,-0.56463294,-2.01722640,1.35804512,-1.27548515,-0.09539307,-1.79821585,0.93475606,-2.65769271,-7.14359187,-3.32958511,-14.68293089,-5.35698089,-8.13013347,-4.26612223,14.02080606,0.68683050,9.85519327,-12.58945459,-5.76698739,2.94339323,5.53819896,12.77440210,2.77830230,8.27743956,-3.55786610,2.41784699,10.78865382,-11.83519820,-3.39502684,2051.52425831
-0.96178239,0.43383453,0.00986408,-0.03667394,0.74222386,0.06296198,-0.16799702,0.80560664,0.08300768,0.03005163,0.26578390,-0.59420298,-0.31746539,-0.37727280,0.07359344,0.57294786,-0.06640492,0.12365911,0.44203978,0.65602472,-1.28186560,-0.48459964,-0.99311415,0.21999809,0.29817534,-1.59678265,-1.18199716,0.32614366,-1.32400246,0.56875895,-1.49809912,-0.31810003,0.58029870,0.20896294,-1.25227644,-0.67062674,-0.85138545,-0.05651991,-1.12175837,-0.28334423,-0.59170635,-2.06958431,-0.36944435,-0.84224195,-0.21975971,0.88487053,-1.01973369,-0.01846438,-1.62344157,-0.56260434,-1.40261534,1.38836898,-1.29609210,0.31790586,-1.61165345,-1.12704697,-1.38217300,0.19671472,-1.62422434,-0.00439981,9.39608837,9.17388763,4.61105350,4.93596360,4.17224602,8.69540307,14.71952543,9.64659407,10.05573167,6.97056564,7.01227118,9.74403374,9.80159466,5.64531788,3.43887732,7.00544718,7.50225095,8.52055315,3.60169926,11.03940685,-11.09780661,-0.40233157,1.95472929,-3.10431941,-11.79864030,5.68216832,-12.03383983,-7.94468047,-14.64951572,-2.10834035,-11.94091352,-18.23002721,-5.33526701,8.86271370,-5.73812602,-7.05675232,-3.89189626,-14.75143944,-1.24547554,-6.49800776,2502.17423644
0.25643748,0.63964578,0.55205935,0.63465585,0.03956513,0.51292882,0.21889033,-0.37528131,-0.53146532,0.75984160,1.08170803,-0.26586888,-0.22998413,0.64514231,0.27565394,0.01191839,0.51609839,0.17676099,0.05615017,1.16777988,1.13011780,0.98125006,0.78225213,-1.47763720,0.07461638,0.87484086,1.19752377,0.79293780,0.22282368,0.20177445,-0.25354268,0.16220838,0.39640051,0.34665816,0.56852815,0.51205388,-0.06693310,0.95433357,0.39347988,-1.02377759,1.22093694,1.85528540,1.57745231,2.61168863,1.81080856,0.95587556,1.28892557,0.05477176,0.26940118,1.33940677,1.67549347,3.17199399,1.43528792,0.38378267,3.17797531,0.08995191,3.36266488,0.29997225,-0.08545038,1.81873924,1.99206070,-5.60001910,1.68733287,0.04864028,-3.12873423,-4.59170762,1.02647807,0.66986265,-0.34392894,-0.41622718,-3.41273329,-4.10486375,-1.66590736,-1.22603916,-3.88239243,-0.17537741,-1.24180775,1.82909391,-3.14742221,-4.26384892,-10.40788757,-0.80644752,6.75296881,-11.99172982,2.64162134,5.78141829,0.18112702,-0.79564718,8.50792646,-10.18864138,10.26005312,25.79991616,3.13400263,8.61917781,-5.34199241,-5.05656562,12.26058632,2.44893129,11.73215921,5.92961874,2012.53694676
0.13180471,-0.51134398,0.16304083,-0.81267004,0.01164155,0.01461064,-0.36194594,0.49913152,0.42952656,0.25119839,-0.16160919,-0.45664647,-0.64784050,-0.85453829,0.12832173,-0.78183122,-0.28839463,-0.61186079,0.36830190,-0.08516688,-0.40479696,0.71493696,0.45779684,0.29921525,1.19509156,2.25693100,-0.40787604,-0.33459073,1.20216202,-0.63961089,0.63776675,0.53244398,0.46341416,0.98763026,0.84567203,1.49295709,0.86566816,1.73792971,1.48380157,0.58423009,1.31469029,-0.39158316,0.90579034,0.31993768,0.69722772,1.19058662,-0.95500187,-2.35150173,-1.00052327,-1.26692431,-0.69190245,0.83429253,0.61267982,-0.62979817,1.45347617,-0.96222703,0.12634734,0.29844950,1.21524410,-1.20059050,-8.91982190,-5.34140522,-4.92442158,0.61839532,-4.05292923,-5.23064907,-4.62791723,-1.02922401,-1.36267057,-7.93216273,-1.19473810,-0.40201466,-4.61339009,0.05458758,-3.02109438,-0.01170357,0.85219877,-5.29730987,-6.10622291,-2.53304092,18.49908290,6.98648855,10.52638776,4.49182650,8.01148755,7.28581633,13.73592986,8.20454422,-1.60869617,8.82634184,2.35348791,-2.88277034,5.34037084,12.63777843,-5.96887340,-8.04962030,-4.28508527,-6.09827525,6.60246767,-10.36481588,1819.32288130
0.27734151,0.29361372,0.35892044,0.36991762,0.80189014,-0.44351268,0.94364465,-0.39616438,0.06200801,-0.95683084,0.42146405,-0.38972008,-0.77174397,0.50579437,1.25267568,0.03952574,0.54577247,-0.89054980,0.24890449,0.29062971,0.03765091,-0.24863446,0.55627213,1.62250167,0.46394667,1.40671580,1.06786458,0.40134878,0.15092927,2.40557974,1.48792612,0.21268104,-0.27352566,0.02455260,0.68709356,0.10704030,1.12357819,1.44443198,0.23159615,-0.03275000,-0.84866522,-2.06645924,-2.60855215,-1.51790543,-1.05595808,-1.53688524,-3.14103821,-1.13763180,-2.36530306,-2.79816962,-4.10848179,0.41359988,-0.43228826,-0.47004739,-1.18587219,-0.97185123,-1.16476995,0.63757972,-2.13538307,-0.60876920,7.71284417,5.06079140,3.37500650,1.90156342,-3.91370729,1.38795230,-1.64146456,1.42318148,4.85977279,7.02858593,2.06814712,-2.10315708,5.99351883,0.95676796,1.73107829,2.81062344,7.49254825,6.24514966,4.49925703,5.61381428,1.06153146,4.73547110,11.96997811,8.72797665,1.95777908,15.39014822,5.23552244,18.49227218,-8.74925735,-0.35444739,5.35301802,10.26651791,-0.60714334,-13.04787870,19.08117745,-0.31582959,13.17891268,6.97323669,5.70157752,12.52300292,2339.98338642
0.03711950,-0.40440821,-0.46620794,0.72747025,0.03967292,-0.03035902,0.12281804,0.16624199,0.92557646,0.16272554,0.99398703,0.40888401,-0.12255116,0.38254933,-0.62123110,-0.73756295,0.20591804,0.08564555,-0.13301508,0.03022524,0.07174102,-0.34320788,1.85126686,1.09775955,0.22364521,-0.75640256,1.71149646,0.23399764,-0.91729415,0.29643081,-0.25198406,1.03410002,-0.70444499,-1.74656334,-0.75063814,1.24703691,0.92473368,-0.27065999,0.14221418,0.82243043,-3.50633335,-2.95365851,-3.20244923,-4.10571269,-1.27402821,-1.54263277,-3.24225332,-2.56758148,-3.86692271,-3.91504288,-3.75233677,-3.63251683,-0.46596587,-1.88798583,-5.40569789,-4.20562301,-0.50606044,-4.82921301,-3.81734155,-3.63547920,-3.01143564,-3.88590696,-1.31055873,1.82905791,7.24446513,-2.64724865,5.73379302,-0.59703402,-2.05407380,4.36979352,8.82720170,-4.88849828,10.42241053,-2.46805123,2.19570803,-1.07042842,-0.04079577,-1.12395298,2.97882036,3.10637857,3.93032881,-2.58388952,20.72009970,6.16401585,10.33119771,-8.18061351,14.39795427,-4.09756413,-18.46811258,17.56253288,-1.41457042,-5.68627653,16.62568892,16.43446754,-5.18244214,4.10366489,-2.73060980,10.58719709,-5.35277205,13.29486350,1649.42624172
-0.15823614,0.64280635,0.11756102,-0.70686115,0.39501221,-0.26996976,-0.51564490,-0.03502248,-0.01545622,-0.12329606,-0.01200971,0.51833220,0.10562330,0.06020681,-0.48825083,0.07705572,0.45979975,0.72522535,0.93864594,0.21565182,0.64511724,0.17652608,1.13199949,1.19546647,0.99035531,0.23859793,0.14893112,0.60607895,-0.05751891,0.22126461,-0.18728948,0.41997351,0.54296967,-0.79844064,-0.72428697,0.17531290,0.73243523,0.49751484,-0.48206667,0.42765706,-3.09057046,-1.89781325,1.05710188,-0.43419183,-2.88843286,-1.83357772,-1.04115416,-1.84165814,0.57200457,-1.28516070,-0.91277752,0.58040752,-0.13113338,-3.00368293,-1.72221261,0.50811993,-0.10731322,-1.65538100,-3.92553663,-0.28081224,-2.85090647,-3.34713120,-5.34697753,-9.54297978,3.11553203,-3.03271679,2.59506258,1.15039195,-4.64165341,-6.76586093,-5.32823153,2.84858561,-3.23547311,3.01181665,-5.31806250,-7.62627776,-1.66859784,-6.68884828,-1.06279932,3.30947422,5.99847026,5.46329416,22.91710976,10.83705264,-13.05197421,7.00530961,-13.92997605,3.98491984,-4.17958174,-2.90330083,-13.23293185,-7.38337899,1.59583894,12.52826443,2.94841695,18.32608625,5.59591195,4.66380736,15.70106294,15.86926407,1469.41548572
-0.42555499,-0.90892479,-0.27230406,-0.08254479,-0.09312446,-0.76433861,0.66855372,0.64314261,-0.82012243,-0.86972162,-0.00924860,-1.08361434,-0.17879456,0.10267214,0.59912956,0.04305870,0.21723729,0.23056523,-1.07088487,-0.00085197,-0.51367811,0.48523140,1.39977921,0.11359931,1.15395295,0.34837149,1.10072387,-0.24559682,-0.43140107,0.41495236,-0.10630951,0.15236603,0.03916126,1.88991177,2.17102205,0.16550818,0.16169275,0.15911592,-0.13692443,0.48962400,1.67750674,-0.77056964,1.16600345,0.98997101,0.48250556,-1.77164901,-0.20818545,1.27131558,-0.38643305,1.01718429,0.96784246,0.91565443,0.69288437,0.58212396,1.72497361,0.26617093,0.23271720,0.31075172,0.97020211,-0.50636715,0.91445352,-2.29827608,1.48889701,-1.27978288,1.29833465,5.38631343,4.81728436,-7.67724848,2.57745350,-1.54663169,8.54267072,1.17694721,9.00899756,7.31108998,4.57177811,12.10505235,4.32183643,-0.78553557,0.74443109,4.71099811,-3.37567991,3.70175993,6.18026735,-0.25432977,9.21568434,-3.32541290,0.27192366,-2.37601127,-6.05932269,2.41213882,-7.88829033,1.45177974,-16.40687212,-2.78326282,1.24703236,15.45997146,7.36445609,-6.46908587,-8.77185141,-7.50015953,2019.24435804
0.51057209,0.12457999,0.13968564,-0.01202925,0.45247559,-0.61028843,0.45031373,-0.16931684,0.52993677,-0.06065714,-0.03209061,0.30001477,-0.48171110,-0.34048435,0.28993359,-0.18369200,-0.29572556,-0.12946721,0.36487211,0.25566046,1.02528057,-0.72337248,-0.07088865,-1.56667096,-1.19541760,-0.70475908,-0.50620872,-0.16810525,0.00238262,0.36204209,0.38671014,-0.66362414,-0.85448065,1.51097549,0.11020405,-1.85359717,0.86962120,-0.28024198,0.88113808,0.38738786,-1.28888569,-0.77402845,-1.94297068,-1.03255779,-1.46813069,-0.34222280,-1.58612725,0.83368384,-1.85017282,-1.31880392,0.56565671,1.31633925,-1.58660435,0.62096800,-1.11406142,-0.21805951,0.14630894,1.08799338,2.73103537,0.54535019,-6.89934863,2.06269222,-7.45030264,-9.11855862,-5.43199746,-0.80629987,-0.19945798,0.44532245,-4.07891098,-1.26217678,-5.56804575,-1.78036050,-8.52357610,-4.62632674,-12.57975360,2.68940374,2.03497213,-1.82482000,-6.00565437,-9.19971628,-12.00067764,-7.68211552,-10.15963866,-4.89357597,-10.19297670,-15.98617777,-8.46928402,-2.56661432,-14.91252417,5.16221709,-22.75266447,-15.80246980,3.13534539,-9.00178712,6.70918507,-18.34687791,2.65569340,-15.92975738,-13.08294286,-9.43374337,1765.78499230
-0.51548456,0.20403081,0.62913877,-0.11758095,-0.38117954,0.30238720,1.09353459,0.72205754,1.13959196,-0.08490848,0.19044994,0.26755494,0.27556215,0.83291842,1.03929289,0.24026580,0.17589044,0.86481908,0.60813929,0.27187995,1.07446372,1.27924823,1.14517560,1.94102039,0.12978641,-0.70040338,1.05232443,0.96257358,1.48960523,0.32973664,-0.35093666,1.67934478,0.92666941,0.08223263,2.20885467,0.18269081,1.27705195,0.01530056,0.78148315,-0.35789551,-0.57620008,-0.47529711,0.37279844,-0.10959158,3.10223341,0.69032665,-0.53509608,0.35082237,0.34028733,1.95827905,3.80989376,0.30966810,1.63986226,0.65697378,3.31689083,0.81234928,0.62227698,-0.13285622,-0.48286028,2.27113081,-1.27492384,3.81809931,1.27414805,1.47932426,-5.19705424,0.59521642,-1.47592061,2.25276458,-0.11606074,-3.01728288,-0.83426113,11.03785896,6.95430357,4.14199571,0.57235863,1.65470485,0.07276065,-0.45141892,0.86456524,-3.18643298,7.75092233,-5.58170568,0.52469147,0.62736391,1.80698626,-18.87959551,-14.55884303,-1.92549035,12.20693978,-6.91503147,-8.54274962,-2.37200868,-9.54641250,11.67603252,-12.07838219,3.75181554,1.18733267,-7.43936392,-7.32196987,-5.30060673,1759.05230927
0.09510649,-0.26734707,-0.22878350,-0.51664310,-0.09529801,-0.65330308,-0.36525801,-0.03767712,-0.19338892,0.14541408,-0.33791617,-1.01166879,-0.98205220,0.08735263,-0.49076409,-0.66952901,0.62214533,-0.06687802,-0.29938879,-0.40571856,-0.61359048,-0.53952675,-0.23546353,0.20626741,0.40147781,-1.75483337,0.19761374,-0.10727914,-1.27426756,-0.80160000,-0.54586292,-0.66968439,-0.78453541,0.17595543,0.20497753,-1.39466319,-0.04219831,0.32989413,-0.70740948,-1.24370827,0.94422112,-2.05093979,-0.48929640,-0.93196645,0.60817536,0.42443426,3.08871873,0.60377051,-1.63198063,-0.07715277,0.28876035,0.08005849,-0.69457006,0.05317664,-1.14383360,-2.52926609,1.22925267,-0.92913375,-0.57214516,-0.33039622,6.77315349,3.92843394,8.34056027,1.24797702,1.54741150,1.62979308,4.19679236,-1.92974425,3.93297035,-1.30893351,1.25410152,5.08560085,-3.55970289,6.64561787,7.26550041,5.41165446,3.78349347,0.95812652,3.12392204,5.88770195,10.92438124,7.59300796,15.26739023,16.32070482,0.56214821,5.41684172,-0.32434995,10.46314737,12.95666700,-1.59827579,-7.60887435,-7.09347349,12.04361800,16.60574164,-2.00309012,4.09647810,27.09132124,7.13190672,7.55883590,10.40923284,1774.70775517
-0.10857396,-0.38618567,-0.88656966,0.29446048,0.04092667,-0.37223841,-0.29194588,-0.84629534,0.19543625,-0.16284081,-0.56340428,0.03584836,0.13606817,0.44160670,-0.40644597,-0.04680559,-0.00244174,-0.45201295,0.36852101,0.28410103,-0.21301267,0.65870391,1.50012691,0.12095340,1.89602717,1.90282595,0.35215447,-0.20140340,1.18629803,1.75355312,-0.03028247,1.37104899,-1.21961799,1.44010631,-0.87664273,0.50308812,1.55610858,-0.18477875,-0.87284261,1.61308585,0.41998023,-0.56786349,1.27320477,-2.02960434,1.13902547,2.30330635,0.08025979,-0.90114442,1.14645710,1.10562879,-0.04791114,-0.24114987,1.23167448,0.99794989,3.08881313,-1.49208950,0.81626978,0.61710827,-0.64152212,0.29221348,0.62873660,2.54574251,-2.59728175,-8.88674803,-9.66796384,5.77740749,1.21194987,1.40607500,1.25631904,2.13853591,6.53817006,10.82599088,4.18098429,5.64058917,-3.68467478,1.28512723,8.05531996,-1.56674186,1.70786191,-5.15511265,1.55229219,-21.16688987,3.94290883,1.79152119,1.15999005,-16.09245517,-11.28753183,0.03112205,-1.54991674,8.36766073,3.88626082,-2.80207142,-2.73641513,-16.91264192,4.35082272,5.79970450,-0.45855564,0.23515923,22.19125762,-0.45487625,2606.62367740
-0.39001227,-0.57952337,0.04758294,0.04903729,-0.51770003,-0.66354560,-0.60007468,-0.17640666,-0.11310671,0.59729632,-0.73271395,0.26150474,0.55990020,0.15757307,-0.89798267,0.26309761,-0.39830554,-0.52775544,0.89165730,-0.47473128,2.24813144,0.62157964,-0.36172216,0.24282034,0.06054115,0.48277841,-1.11384537,-0.42217824,0.06229665,0.45980657,1.45732010,0.53348599,0.55912692,0.78804571,1.10303003,0.46032255,-0.40903175,0.78386196,0.72134511,0.63888584,4.22233927,1.07966325,2.73550899,-0.00966560,3.91483634,0.20825661,4.27384322,1.98025923,1.26503250,0.54142719,-0.16196966,2.66996714,0.29202326,2.07672340,1.97874931,3.10574502,2.97415578,3.13877326,4.05346264,2.72113500,4.29458026,2.36703273,3.05920137,12.05444012,12.05831169,-2.67203643,5.70725075,-1.32621794,5.44594933,5.16894123,11.18696187,8.11424692,6.04618010,6.04299825,5.57975208,7.68114123,7.04889193,2.35276854,7.09188371,9.33481316,10.49328499,-5.13919359,-3.41655909,2.80249493,22.20362071,-2.43471547,3.41320441,3.82344288,-6.41845330,2.35644745,10.92243870,12.53432055,-1.32238568,21.81530112,-0.01760312,-1.30314011,-1.16106767,-2.49446197,-1.73844869,5.16581341,2067.73845116
-0.45729602,-0.65538518,0.08321836,-0.55437804,0.21726234,0.96870013,0.26665922,-0.54896079,-0.04271467,-0.46804125,0.01058615,-0.58164514,-0.69132553,0.02273058,0.09698677,-0.12353750,-0.00087910,-0.28664401,-0.30324318,-0.05035623,0.64427316,-0.77160319,0.00419466,0.63574723,0.77398337,-0.95879009,0.38387899,-0.55686707,0.61161249,0.70478158,0.93351272,-0.51196757,-0.07676185,1.15815058,0.06096076,-0.24191028,0.72117046,0.10107045,0.52219929,-0.29284397,3.35178968,1.38518631,0.53865743,1.14284821,0.76197812,-0.78378024,3.00555009,0.94567457,3.38102558,1.37817331,-0.01434045,1.95115444,1.97652713,1.22484921,1.35441707,1.21757752,1.31373936,-0.52524604,-0.96955909,2.03959231,-2.27473480,-4.23998638,-2.66670911,-8.72920544,-7.63678904,-6.85002046,-3.86938949,-9.50684244,-2.46822332,-4.59296728,-11.01413401,-6.62149635,-2.16453270,-4.70143879,4.47371147,-7.58989980,-8.63580869,0.65227420,-11.73578031,-4.73120567,10.64888491,-16.09913830,3.28566542,-5.23845403,11.53643422,13.00551939,-2.57031611,2.97673970,0.41205306,5.11857944,-14.55317967,0.05306221,-10.85687982,-8.44856196,-7.24614132,-1.71277881,-5.59711651,0.08109079,1.61749914,8.93224116,2489.37161429
-1.24720996,0.01761455,-0.69787963,-0.20843228,-0.24323730,-0.19331401,0.14985104,-0.20021120,0.38617154,0.86690054,-0.14367354,0.24526243,0.02315396,0.23996620,-0.57883121,0.52691035,0.11619759,0.73162007,0.11370233,-0.43817309,1.36553758,0.01310043,-0.60607114,1.04042280,1.63630586,0.82417991,-0.36139575,0.50927233,-0.58156610,-0.04468950,-0.55058277,0.34959079,1.32832705,0.18782743,0.06925604,0.82379270,-0.39446619,1.48917266,1.32342466,1.00726576,-0.22279006,-0.60695944,-1.00324586,-0.03142533,-1.80101007,-1.61872409,-1.47748295,-0.43279666,-0.41243544,-1.95385629,-4.05515048,-0.45099938,-1.04965035,-1.88760806,-1.20481813,-0.51798096,-1.35599495,-0.98986344,-2.03310413,-0.80147210,0.24236491,1.89554084,0.43506431,-10.51275703,-1.78722760,5.01636837,-3.25935575,-0.68846467,2.30664135,0.04204033,3.91444800,-3.87273591,-2.34254657,3.65960383,-3.44226351,0.21539944,-8.43187207,-1.54347160,-8.17501655,2.77124496,2.18099980,12.01447595,16.88474976,7.57470907,-6.86412102,18.42497769,-1.26559876,-17.33437827,18.61508647,-8.21560805,-1.22015434,-9.96332827,6.63263900,0.24100021,13.82811949,4.94914667,-13.17704191,-1.09735487,5.47076128,4.38670932,1943.28305627
0.12297155,0.09146441,-0.59607566,0.34268006,0.19076405,0.89704816,0.24031560,-0.02904248,-0.42770617,-0.53440547,1.09260578,0.64468558,-0.12226281,-0.03856204,0.14031679,-0.16327382,-0.10609452,0.33562664,-0.70036960,-0.54664956,0.07456412,1.41991358,1.24251568,1.46978031,0.06490249,0.28043866,-0.38373307,1.12961503,0.44207224,0.95297913,0.37587430,-0.28336930,0.69368485,1.52436568,0.67012316,0.54716855,-0.60968363,0.11362771,-0.02755365,0.68728000,-0.15982638,-2.30874832,-2.24264124,-2.08418869,-1.83711040,-1.28480065,-1.43798382,-0.77132821,-3.66113348,-2.56569118,-2.20692875,-2.00222443,-3.08233935,-4.08398891,-1.44043767,-2.66247528,-0.99165091,-2.03216894,-1.61995542,-0.57680406,-4.66797721,-1.51319878,-6.24869028,-0.26457239,-0.21559653,-2.14132281,-2.09869803,-3.21392275,2.96096493,-6.87261193,-10.10085159,-4.66547189,-3.93985421,-7.63520850,-7.49093263,-6.07663923,-4.88295047,-4.66810175,-6.99911686,-1.85228144,-7.54026401,3.79856577,9.23167841,-4.22540990,-3.60579278,1.52118407,20.11840419,-10.96924641,6.66936480,1.90038320,5.72065751,11.99710254,0.64904159,0.91299910,1.95273019,21.28797668,7.33379008,-2.08056904,10.56282305,1.91452447,2079.41588855
0.45901142,0.06289151,-0.14516387,0.17995974,0.25790435,-0.19604442,-0.64342242,-0.08537918,0.32250862,-0.02045770,-0.45900585,-0.67786626,0.08485055,0.35290192,0.00359357,0.13778152,-0.32398875,0.50502140,0.01489567,-0.43768692,-0.56915300,2.55355224,1.88273747,0.53622096,-0.22759484,1.17706488,-0.28650495,1.17895596,0.63682173,2.88376207,0.18187995,0.80655132,-0.08260411,0.27276103,0.41914063,0.25506960,1.59001938,1.12719865,0.36367969,0.62324646,-0.96080828,-1.09239695,-0.93171472,-1.45610908,1.24075339,-1.10342402,-0.55559505,-2.79681438,-2.50683601,0.02141254,0.17208111,0.45269778,-0.60245820,0.11232932,-0.44232343,0.28702084,-0.99661863,-3.89091523,-0.35015118,-1.57193008,6.60572670,0.29468811,2.09486337,-3.76399376,-4.10575927,0.45621178,-8.93575198,1.80412797,-3.34784981,3.79451610,2.11089460,-3.06604982,4.53868073,3.82733246,-0.27546872,2.65718335,-6.81078239,-0.25577912,0.60479495,1.17610203,-22.72532001,-15.26693553,0.57570792,15.48696971,-9.23628844,12.73962344,-8.24032416,7.78145720,6.96422661,7.72064949,-5.05070080,-4.66951023,-3.51558265,-3.23316103,-3.13168161,11.11258456,-4.12077714,-4.23430405,-6.26795293,4.63618201,2566.48070560
0.26946628,-0.09488018,1.09539220,1.08378529,0.17589460,0.37560372,-0.02827296,0.44703640,0.14926795,-0.46186468,0.21085606,-0.00789021,0.90381543,0.39823491,0.27587028,-0.60854692,-0.07633017,-0.71938356,0.26464197,-0.30742585,1.12044694,1.74077627,0.68661335,0.82565122,0.36718099,-0.02197413,0.20911734,0.23608513,2.32829717,1.07389963,-0.08189171,0.43835041,-0.83222288,0.49415080,-0.33517686,-1.11968122,0.28321422,-0.04262991,-1.21794125,0.18193732,-0.38888883,-0.90383444,0.73994922,1.09330064,0.68786660,-0.07425650,0.09924951,1.00891029,0.61368087,0.19255762,-0.86921638,-2.15371712,-1.11577784,0.80567956,-0.37032809,1.50434919,-1.40341531,0.08379987,0.59620307,0.95160210,4.54628088,-5.59143524,-0.92893092,6.07785933,-0.04504176,2.73644436,3.97150953,-1.80642882,5.24749767,1.00534095,-3.58741884,-6.08437888,-3.42715279,-1.90370431,3.90017047,2.29204961,2.52220977,-5.17823974,3.42168167,8.09723475,1.71137047,-11.75224894,-6.71590292,1.49730368,-6.43332225,10.34453265,6.45309942,-7.22314102,-13.11631367,4.36909189,-0.05858921,13.04998927,-1.01953572,-6.51462279,9.72400157,-11.64667358,7.89199118,-2.46424613,12.72103046,9.58272586,2218.09450428
0.15814104,-0.12632559,-0.42374998,0.41846814,-0.50941395,0.12306600,0.67368374,1.05589910,0.14371701,0.29481234,0.60046276,-0.03904273,0.21447423,-0.10200291,0.51971101,0.30937901,0.40761011,-0.71910192,-0.04197041,1.08223878,1.68610467,-0.39064257,-0.00945496,0.12048438,2.13282901,0.76073575,-0.06415049,1.74531952,1.12181104,1.47984965,0.34225273,0.86789538,1.31539482,1.61292308,0.45132838,0.46130603,-0.20961965,-0.47342428,1.98091150,-0.54958636,-1.33664222,-1.51149800,1.01668790,-0.01214983,1.04134048,0.93785555,-0.92234773,-1.01714516,1.62267187,-0.16538249,-0.29314297,0.33943352,1.02997621,0.03885802,-1.03914633,-0.27467547,-0.09126201,-0.33314387,0.00942064,-1.83980640,3.45927776,-6.20010426,-1.00382371,-5.68819434,-5.47788386,-6.61394599,-7.45531437,-4.81319182,-1.29071316,-1.18316935,-1.25388857,-0.84998268,-7.24777399,0.59129275,0.70007264,-0.05529892,0.43389546,-5.80097681,-0.71477781,-6.39388300,4.27785702,8.73170545,19.65743579,5.47593814,-4.95813095,16.81828720,6.65594844,-8.10709592,2.60968475,6.96475646,6.01952928,1.93972355,2.83547625,7.83528296,0.22229048,6.92481329,-2.49220292,1.96335281,-7.65539270,16.54955332,2042.98644953
-0.28147044,0.01891237,-0.17162705,-0.38606561,-0.20722010,0.52986534,-0.39442610,-0.18203291,-0.64804538,-0.53241510,-0.18622578,-0.00002018,-0.15017218,-0.09479277,-0.54945489,0.01215814,-0.12613546,0.17170368,-0.39968105,0.01626368,-0.51356897,-1.10659820,-1.65141803,-0.72585515,-0.16681599,-1.46867724,-0.61929107,-2.21858991,-2.57769835,0.06824663,-1.13144119,-1.21011879,-0.13628603,-1.00141823,-1.06922250,0.72382195,-0.29874938,-2.39858757,-2.00806560,-0.59183821,-0.10934519,-2.09958896,1.36008881,-1.66994449,-2.29670419,-0.37607190,-0.29849235,-2.41288570,-0.81023046,-0.49588640,-0.85371383,-0.20037489,-1.71634761,-3.77095985,-0.67625048,-1.91552937,-1.07260912,-1.25391038,-3.55855745,-1.67577412,-6.37974362,2.53746934,0.21373852,0.45634782,-1.77214768,1.71904670,4.40971731,-2.68280344,-3.04132554,-2.91010976,-0.33726523,-3.37691873,-2.77097435,-0.59481299,3.60086648,-7.01111547,4.97781640,-2.89597314,-2.06840921,-5.33590987,8.20195531,-12.24573182,-16.35199292,7.54416923,-14.56556640,11.37141115,-9.16867295,0.35270060,3.83020827,1.70620342,6.05008781,-7.21982982,2.96584920,-7.10049515,0.65135738,3.59516597,-0.70421336,-7.95972835,-0.18838428,-3.71787269,1762.24969377
-0.54566136,0.09272342,0.46298444,0.94307691,0.59786014,0.61746565,0.65458516,0.59890266,0.08701092,0.55105351,0.46443173,0.52228286,-0.31706964,0.90243504,-0.04926248,0.47705595,0.52997868,1.17447946,0.82092395,0.10085654,1.22777607,0.13984354,0.91944908,-0.67910287,-0.34625259,-0.28853652,-0.23614261,0.44833159,-0.15217051,0.84351868,-1.60713653,0.15083875,-0.24841875,-0.00104397,-0.55241004,-0.05433443,1.14408755,-0.44240544,0.94859434,1.77414112,2.63748727,2.27492670,1.31451701,2.21987562,2.18510257,2.63532579,3.63525757,1.72688635,2.64892767,1.09836804,1.25120014,1.37649606,0.70500971,-0.45017194,-0.75760611,2.84512561,1.37608455,3.70113873,2.58829412,1.60345130,4.53244000,5.29046820,-0.09500526,4.94992561,4.21567233,4.49640934,-0.17936597,3.72889033,-1.39427753,8.28035329,0.68881283,7.01869746,-2.17269858,4.25940069,8.37917674,1.21836038,4.91587235,1.79025177,-4.63578452,2.67937639,17.18689538,-4.40670088,7.49546523,9.39945845,2.47026365,-12.30649276,-5.13021615,4.93825983,-8.37502496,2.17026876,2.16901986,5.67384781,7.04930009,-4.49811706,-12.92720531,3.40897916,-3.79249983,-6.07052275,-19.94769382,-7.05467169,1953.52142792
-0.40725312,0.14109995,0.60507796,-0.05432037,0.11927515,0.00902001,-1.06319589,-0.23981959,-0.88397176,-1.11978990,-0.36570603,-0.89193170,-0.20610557,-0.21435095,-0.34563172,-1.61877433,0.99454979,-0.41589560,-0.78532625,-0.08321895,-0.33190175,0.27974568,-1.09061959,-1.32316052,-1.31513286,-0.36962179,-1.14628570,-1.19429357,-0.50113296,-1.19387238,-0.51650011,-1.99371269,-2.36009511,-0.30240767,-2.24443475,-1.19725328,-2.13230479,-0.49207852,1.15598391,-0.47738132,-0.97729419,1.40883547,1.38085995,1.56111727,1.28199754,1.47085037,1.85279402,-0.22050605,1.88707815,1.60712900,0.66535742,1.53360859,1.60122336,-0.33651281,1.77424506,0.70403794,0.75054363,1.00926064,-0.03248777,0.71531564,-3.32230163,-6.09496340,-3.87263192,8.13127981,-7.75860172,-2.21362955,-2.82354927,2.44186181,4.08393642,-5.34429519,-4.09557058,-1.25671612,-6.26424945,-3.96424043,-3.77522495,-4.12966463,2.19643896,-8.54984738,3.65977811,1.46014266,-2.75469782,4.60275511,-27.48432777,-4.67820786,-9.74949710,13.29356728,-9.62311514,-0.53254690,3.17813360,-4.95668187,-22.36144307,-17.89068922,-0.51671269,0.15785250,-11.53628259,5.74059283,-9.88975667,3.28165089,3.40558026,-18.78414792,2037.89780064
-0.33117556,-0.49644003,0.39893668,-0.38638810,0.06732275,0.08182331,-0.24990107,-0.52656077,0.00254729,0.17077127,-0.04748477,0.95921304,-0.24685532,0.31561258,0.38555614,0.31635704,-0.24145980,0.93210136,0.42813910,0.27707576,-0.53694687,-0.84117967,0.03793628,-1.00598230,-0.60360650,0.01138486,-1.28417277,-1.11221325,-1.41493253,0.05441393,1.33879249,-1.47248917,1.29627669,-0.30914480,-0.56502580,1.19618524,-0.87962025,-0.43777289,-0.50837834,-1.37918641,0.70208079,-0.57034411,0.26125435,0.26975175,0.24092513,0.16376064,-1.36715912,-1.34682879,2.25492383,-1.25464937,0.65709782,-2.66213699,0.02307301,0.93043188,0.16999920,-1.40347021,-0.42003770,0.21427083,-2.16159512,-0.45985476,2.10931692,5.64320651,1.07825056,-0.63756624,2.08796381,9.12618108,4.75376260,-0.32030525,4.30143847,4.99362477,1.24242816,7.85287832,-1.68734873,-6.24402861,-1.60458235,0.72627709,5.65821528,-0.06813036,4.85019871,4.27419562,6.74891289,13.27060152,7.17474102,0.51544257,4.50334793,1.90135182,7.29429448,13.21047896,3.98604323,3.04638495,1.74891014,-14.06271783,2.94413862,3.79341439,9.57103243,-0.79465026,4.59664034,7.74791947,1.38254169,0.52923074,2001.67821266
-0.02118790,0.14659351,0.19533779,-0.40455480,-0.46747759,-0.34214991,-0.27013793,-0.07758516,-0.15569329,0.41941762,0.03404344,-0.69780382,-0.61041022,0.15251304,-0.08840347,-0.30413388,-0.14127859,-0.31431950,-0.30928704,-0.71546769,1.68076260,0.82558387,1.28246048,-0.18593572,0.43354039,-0.13336312,1.70772881,1.00210753,0.99986007,1.18941684,0.36859421,0.55445300,1.15576218,1.56535105,1.98278456,0.94184723,1.25535532,2.37406209,0.98449975,-0.01737949,1.43419876,2.52691155,-0.28740865,0.95252094,0.41173112,-0.09715859,2.91693789,1.54561557,0.47516657,1.74772224,2.87697395,2.47102832,2.15233479,2.35598935,1.26156499,0.87808847,2.56528735,-0.18928191,1.41820869,1.01410164,3.14829119,-9.20784151,-4.40420040,1.48831540,-4.09481575,-3.86968947,3.77144174,-4.02793923,-0.36052691,2.15440833,1.59762339,1.55961824,-0.04882395,2.31162639,0.58920240,0.50309293,1.25990917,5.78976511,-0.48546380,-5.41191652,-17.35437423,-5.06124587,-11.95622733,4.58362017,22.71306895,-7.23418222,-27.12404923,-11.47206842,-1.04781269,-6.23501796,-21.86281134,-7.10539957,-23.11092592,-9.65610194,0.26151442,-1.32924879,-11.10511233,-8.17449725,-4.53015434,0.01895432,2247.83205118
0.31898333,0.13087842,-0.21808602,-0.90328958,0.00336643,-0.76909470,-0.37578345,0.18989780,0.47012388,-0.24373792,0.43743854,0.48329666,0.18692354,0.00840105,-0.24282198,-0.71393551,0.16393040,-0.51109316,0.05755345,-0.50173793,-0.06224773,-0.66083452,1.55783017,0.43116310,1.64871982,0.46800958,0.22068972,-1.38110023,0.28465576,0.37845112,1.08473046,0.17840740,0.19764530,1.99114582,2.24594885,0.05199204,0.09595542,0.89190671,1.29632244,0.61008795,-5.53668343,-2.99494396,-2.29585166,-1.49364659,-0.47425223,-3.81288470,0.39263260,-4.15631268,-2.56535393,-3.80152171,-2.29543388,-3.19820153,-2.61151935,-1.05109970,-3.28069366,-4.20036510,-4.23004567,-3.77319247,-2.33698557,-2.94078270,-5.98188285,-4.93175250,-7.58872592,-4.73477791,-2.02949671,-1.79988682,-5.93976333,-7.60969254,-0.96390997,-7.73877311,-4.46272933,1.79164680,-1.20230081,0.39935576,0.19140198,-3.22030926,-10.24339879,-4.29062109,-4.52350455,-5.86585620,-6.31034049,-3.48100718,9.03786080,-5.95285628,-11.09936621,12.17940418,-2.63736166,-11.67985315,-1.11342419,11.75268002,-4.11387603,1.63353908,-3.57360007,3.06040425,-3.97868082,-4.92587211,-1.31742100,-9.87573798,16.85319260,-4.89292197,1351.26315788
0.19032966,0.25841337,0.46077548,-0.30913772,0.59445667,0.44374003,-0.22978433,0.27846216,0.53029000,0.18044697,-0.48601410,0.62918963,-0.49736311,-0.19428097,-0.02664877,-0.28363130,-0.58915146,-0.62000467,0.57452505,-0.38296567,0.44390106,-0.76485674,1.62679480,0.02247020,1.52528008,1.17653345,0.67147663,-0.84983665,0.72038802,1.65779947,-0.25120954,2.16465033,0.98382159,0.38489037,0.76186149,0.40754246,0.01192319,-0.32078328,0.08638474,-0.47847788,-4.80829807,-0.10699182,-1.49101055,-2.41180578,-3.78202449,-2.64510247,0.21435903,-1.69283643,-3.44756022,-1.61450447,-2.33887676,0.38646865,-3.00498340,-1.87216788,-0.53276028,-1.12614276,-1.34183322,-1.75787975,-4.61735005,-1.74923605,0.46756403,2.90868727,3.65667090,6.47686098,7.27264636,8.23873217,9.28507358,0.04081370,9.05766968,10.03123683,8.33929607,6.54628866,3.86133265,3.85053646,7.79723265,8.27246620,-0.34760670,12.45644667,6.49604713,2.77408319,17.10067869,4.10440257,-3.74573508,-8.39356813,3.36149462,-0.30468188,-2.24639573,1.41515729,-4.33819645,1.80054309,-17.59344534,-3.49933952,-5.08616472,4.82938248,14.62009631,5.60023978,15.07173131,15.72663349,4.67138218,15.69393199,1856.95574640
0.69237146,0.33263873,-0.33283166,-0.12183730,0.32328953,0.61189648,-0.06429470,1.08012749,0.42386928,-0.24418646,-0.77330433,-0.01066894,0.81322587,-0.91010163,0.94638531,-0.46687926,0.78026358,0.48746970,0.53686535,-0.24839361,-0.05103437,2.03299409,0.61769629,-0.31736225,0.47493410,-0.27346804,-0.66304673,0.99474691,0.20524373,-0.18354978,0.05523237,0.25190001,1.32195003,0.10354267,1.14481556,0.57954008,-0.59658465,-0.08004342,-0.49317089,0.11016481,-0.26412447,4.03833733,1.77450988,-1.14907528,-0.42714866,-0.28032178,-2.13847750,-0.98758691,-0.03879781,-2.41058295,-1.17690684,-0.32932350,-2.62695483,-0.31962587,-0.75437058,0.55050658,0.19183171,-0.95840856,-1.86016749,-0.14835575,5.05663347,-3.63830474,1.00487624,-0.13787869,-7.24939416,-4.56324484,-1.70488722,-0.74907393,1.85552731,-1.59568427,-4.42511028,-4.65147518,2.50578507,2.10701229,1.41261665,-0.61239826,-7.50281780,8.27769321,-10.94952060,-2.22416923,-4.59873845,2.95415389,-1.43252668,-0.34953274,3.41513625,-14.20752436,4.42968281,-14.07491622,0.13012628,1.50023153,13.63268124,-25.70598777,-6.26950114,4.08162595,-9.16430547,19.31247996,2.20306206,2.49139064,-10.76185271,-2.22275143,2100.60700456
-0.42669134,-0.23782230,0.49276569,-0.21572306,-0.11835820,0.05364108,-0.14227516,0.23657877,0.37825848,-0.01368280,-0.31173578,0.09355253,0.68238043,0.22006072,0.11918794,0.15420749,-0.02780975,0.34015057,-0.80672898,-0.19536969,-1.00556110,-0.96353705,0.51326596,0.48014930,-1.40200053,0.26951633,-2.40130384,0.29740993,-0.26598179,-0.32918526,-2.53388400,-0.04620558,0.76157532,-0.14919009,0.45982506,-0.76487489,0.05262656,1.11430821,-1.00039562,0.50855928,-1.62857518,-3.37394156,0.08445290,-3.18065103,-1.18329555,-2.21065085,-0.07686611,-1.16811895,-1.44974184,-0.67199548,-0.12311652,-0.54750274,-0.90461148,-1.67309637,-2.40996962,-1.44015897,-3.40132569,-1.04729086,-1.41171428,-3.49317949,-2.52816999,-3.02524613,-7.69661167,1.01821234,0.76948112,-1.53114264,-4.41389632,-4.47744022,0.61106052,3.25237279,-6.70437592,8.31133883,1.18338348,2.03114769,1.50702234,-0.79738970,-4.65880459,-1.96494753,8.35988855,-0.51833451,-8.62666583,5.91333303,-14.59804238,-20.52389950,3.69127157,-8.60607272,2.59195873,-3.73719758,-6.41673119,-13.90328694,-12.87752605,-16.40263485,1.83069771,5.06370165,-8.14348913,-9.68795891,-11.78044342,-6.17672168,1.28808104,-1.45511532,2050.03900571
